tsn,lbl,size,nodc_phyla,group,carbon_(picogram_c_per_cell)
0002187,acanthoica,,06,haptophyta,43.94
0002188,acanthoica_acanthifera,,06,haptophyta,52.5
bay0001,acanthoica_acanthos,,06,haptophyta,59.67
0002189,acanthoica_aculeata,,06,haptophyta,52.5
0002190,acanthoica_quattrospina,,06,haptophyta,63.8
0006330,acanthosphaera_zachariasi,,08,chlorophyta,126
0003429,achnanthes,,07,diatom,91.66
0003437,achnanthes_clevei,,07,diatom,85
0003471,achnanthes_delicatula,,07,diatom,78.01
0003572,achnanthes_fimbriata,,07,diatom,241.14
0003511,achnanthes_lemmermanni,,07,diatom,41.67
0003435,achnanthes_longipes,,07,diatom,153.99
0003470,achnanthes_subsaloides,,07,diatom,37.63
0003436,achnanthes_taeniata,,07,diatom,73.9
0006098,actinastrum,,08,chlorophyta,29.25
0006099,actinastrum_hantzschii,,08,chlorophyta,31.16
0006101,actinastrum_hantzschii_elongatum,,08,chlorophyta,76.55
0006100,actinastrum_hantzschii_fluviatile,,08,chlorophyta,42.76
0002663,actinocyclus_normanni_normanni,,07,diatom,1048.16
0002618,actinoptychus,,07,diatom,1661.77
0002620,actinoptychus_senarius,,07,diatom,685.17
0002621,actinoptychus_splendens,,07,diatom,3320.75
0202432,actinoptychus_vulgaris,,07,diatom,484.4
0000605,agmenellum,,03,cyanobacteria,6.02
0000606,agmenellum_quadruplicatum,,03,cyanobacteria,14.04
0000607,agmenellum_thermale,,03,cyanobacteria,54.4
0573526,alexandrium_monilatum,,12,dinoflagellates,1578.02
0183936,amphidiniopsis_kofoidii,,12,dinoflagellates,760.32
0009997,amphidinium,,12,dinoflagellates,315.24
0010008,amphidinium_acutissimum,,12,dinoflagellates,143
0010009,amphidinium_acutum,,12,dinoflagellates,249.31
0202442,amphidinium_bipes,,12,dinoflagellates,796
0009998,amphidinium_carteri,,12,dinoflagellates,162.27
0010017,amphidinium_crassum,,12,dinoflagellates,281.07
0573326,amphidinium_extensum,,12,dinoflagellates,72.86
0010010,amphidinium_glaucum,,12,dinoflagellates,311.4
0010011,amphidinium_globosum,,12,dinoflagellates,99.77
0010016,amphidinium_klebsii,,12,dinoflagellates,162.27
0010012,amphidinium_lacustre,,12,dinoflagellates,244.99
0010013,amphidinium_lanceolatum,,12,dinoflagellates,127.5
0610145,amphidinium_latum,,12,dinoflagellates,209
0010007,amphidinium_longum,,12,dinoflagellates,341.71
0010001,amphidinium_operculatum,,12,dinoflagellates,733
0202443,amphidinium_ovoideum,,12,dinoflagellates,340.43
0010014,amphidinium_schroederi,,12,dinoflagellates,244.99
0010006,amphidinium_sphenoides,,12,dinoflagellates,531.74
0010015,amphidinium_steini,,12,dinoflagellates,362.25
bay0009,amphidinium_tatrae,,12,dinoflagellates,111.47
0573509,amphidinium_turbo,,12,dinoflagellates,480.18
0183896,amphidinium_wislouchii,,12,dinoflagellates,733
0010357,amphidoma,,12,dinoflagellates,1057
bay0011,amphidoma_acuminata,,12,dinoflagellates,307.3
0004674,amphiprora,,07,diatom,561.43
0004680,amphiprora_alata,,07,diatom,941.98
bay0012,amphiprora_cholnokyi,,07,diatom,227.09
0004695,amphiprora_costata,,07,diatom,399.9
0004678,amphiprora_gigantea_sulcata,,07,diatom,789.3
0004683,amphiprora_ornata,,07,diatom,488.98
0004685,amphiprora_paludosa,,07,diatom,617.32
0009923,amphisolenia,,12,dinoflagellates,5489.36
0009926,amphisolenia_bidentata,,12,dinoflagellates,17407
0009924,amphisolenia_globifera,,12,dinoflagellates,666.6
0004705,amphora,,07,diatom,177.86
bay0013,amphora_acuta,,07,diatom,1984.1
0004744,amphora_arenaria,,07,diatom,6333
bay0014,amphora_binodis,,07,diatom,393.1
0004713,amphora_coffaeiformis,,07,diatom,272.39
0004731,amphora_costata,,07,diatom,429.45
0004745,amphora_crassa,,07,diatom,3200.6
0004732,amphora_cuneata,,07,diatom,748
bay0015,amphora_egregia_interrupta,,07,diatom,5346.2
0004746,amphora_exigua,,07,diatom,269.7
bay0016,amphora_gigantea,,07,diatom,7229.6
bay0017,amphora_grevilleana_contracta,,07,diatom,7853.4
0004733,amphora_laevis,,07,diatom,1441.9
bay0018,amphora_marina,,07,diatom,808.5
0004718,amphora_obtusa,,07,diatom,52665
0004720,amphora_ostrearia,,07,diatom,275.6
0004721,amphora_ovalis,,07,diatom,625.12
bay0019,amphora_peragalli,,07,diatom,1080.7
0004737,amphora_proteoides,,07,diatom,1032
0004728,amphora_proteus,,07,diatom,147.51
0004729,amphora_robusta,,07,diatom,1111.82
0202439,amphora_spectabilis,,07,diatom,63.42
bay0021,amphora_szaboi,,07,diatom,230.3
bay0022,amphora_terroris,,07,diatom,153.8
0004785,amphora_turgida,,07,diatom,93.24
0001100,anabaena,,03,cyanobacteria,3.44
0001100,anabaena,species_1,03,cyanobacteria,3.44
0001100,anabaena,species_2,03,cyanobacteria,3.44
0001129,anabaena_aequalis,,03,cyanobacteria,43.57
0001107,anabaena_affinis,,03,cyanobacteria,16.6
0001132,anabaena_augstumalis_marchica,,03,cyanobacteria,35.04
0001104,anabaena_circinalis,,03,cyanobacteria,78.46
0001134,anabaena_confervoides,,03,cyanobacteria,3.44
0001141,anabaena_limnetica,,03,cyanobacteria,155.12
0001119,anabaena_spiroides,,03,cyanobacteria,37.16
0001121,anabaena_spiroides_crassa,,03,cyanobacteria,94.68
0001143,anabaena_wisconsinense,,03,cyanobacteria,3.44
0001182,anabaenopsis,,03,cyanobacteria,3.1
0000609,anacystis,,03,cyanobacteria,12.96
0000610,anacystis_cyanea,,03,cyanobacteria,7.26
0000611,anacystis_dimidiata,,03,cyanobacteria,53.31
0000612,anacystis_marina,,03,cyanobacteria,1.33
0000613,anacystis_montana,,03,cyanobacteria,2.14
0000616,anacystis_thermalis,,03,cyanobacteria,7.26
0005877,ankistrodesmus,,08,chlorophyta,86.72
0005887,ankistrodesmus_braunii,,08,chlorophyta,212.45
0005886,ankistrodesmus_convolutus,,08,chlorophyta,42.16
0005878,ankistrodesmus_falcatus,,08,chlorophyta,12.15
0005880,ankistrodesmus_falcatus_acicularis,,08,chlorophyta,58.71
0005882,ankistrodesmus_falcatus_mirabilis,,08,chlorophyta,74.2
0005884,ankistrodesmus_falcatus_tumidus,,08,chlorophyta,87.49
0005889,ankistrodesmus_spiralis,,08,chlorophyta,26.2
bay0024,anoplosolenia_brasiliensis,,06,haptophyta,31.1
0002191,anthosphaera,,06,haptophyta,30.6
0002192,anthosphaera_quadricornu,,06,haptophyta,42.1
0002193,anthosphaera_robusta,,06,haptophyta,100.5
0001791,apedinella_radians,,04,chrysophyta,29.57
0001191,aphanizomenon,,03,cyanobacteria,16.91
0001191,aphanizomenon,species_1,03,cyanobacteria,33.56
0001191,aphanizomenon,species_2,03,cyanobacteria,7.6
0001192,aphanizomenon_flosaquae,,03,cyanobacteria,7.6
bay0390,aphanizomenon_issatschenkoi,,03,cyanobacteria,5.18
0000625,aphanocapsa,,03,cyanobacteria,2.37
0000634,aphanocapsa_delicatissima,,03,cyanobacteria,0.06
0000627,aphanocapsa_elachista,,03,cyanobacteria,2.37
0000635,aphanocapsa_grevillei,,03,cyanobacteria,10.44
0000630,aphanocapsa_pulchra,,03,cyanobacteria,6.8
0000636,aphanothece,,03,cyanobacteria,11.78
0000647,aphanothece_gelatinosa,,03,cyanobacteria,8.2
0008276,arthrodesmus,,08,chlorophyta,581.73
bay0345,arthrodesmus_incus_extensus,,08,chlorophyta,77.1
0008278,arthrodesmus_octocornis,,08,chlorophyta,1377
0008288,arthrodesmus_validus_incrassatus,,08,chlorophyta,1163.949
0003116,asterionella,,07,diatom,117.8
0003120,asterionella_formosa,,07,diatom,68.6
0003118,asterionella_glacialis,,07,diatom,65.05
0003125,asterionella_gracillima,,07,diatom,102.73
0003127,asterionella_notata,,07,diatom,356.5
0615891,asterionellopsis_kariana,,07,diatom,97.3
0009179,asterococcus_limneticus,,08,chlorophyta,645.09
0002642,asterolampra_marylandica,,07,diatom,240.89
0002633,asteromphalus,,07,diatom,444.46
0002636,asteromphalus_flabellatus,,07,diatom,2707.9
0002634,asteromphalus_heptactis,,07,diatom,926.9
0573616,asteromphalus_roperianus,,07,diatom,444.8
bay0028,attheya_decora,,07,diatom,599.57
0002626,aulacodiscus,,07,diatom,3185.2
0590863,aulacoseira,,07,diatom,54.05
0591208,aulacoseira_distans,,07,diatom,26.96
0591207,aulacoseira_granulata,,07,diatom,39.44
bay0299,aulacoseira_granulata_curvata,,07,diatom,57.3
0591623,aulacoseira_granulata_angustissima,,07,diatom,62.61
0591691,aulacoseira_granulata_spiralis,,07,diatom,263.52
bay0033,aulacoseira_herzogii,,07,diatom,35.7
0591482,aulacoseira_islandica,,07,diatom,156.78
0591483,aulacoseira_italica,,07,diatom,167.69
0002672,auliscus_caelatus,,07,diatom,1018.8
0002675,auliscus_sculptus,,07,diatom,141.72
0004703,auricula_insecta,,07,diatom,244.6
0610121,azpeitia_tabularis,,07,diatom,1200.9
0005301,bacillaria_paxillifer,,07,diatom,128.65
0002287,bacillariophyceae,,07,diatom,100.15
0002862,bacteriastrum,,07,diatom,280.33
0002863,bacteriastrum_comosum,,07,diatom,578
0002864,bacteriastrum_delicatulum,,07,diatom,345.37
0002865,bacteriastrum_elongatum,,07,diatom,448.39
0573687,bacteriastrum_furcatum,,07,diatom,691.71
0002866,bacteriastrum_hyalinum,,07,diatom,378.62
0002868,bacteriastrum_hyalinum_princeps,,07,diatom,386
0002727,bellerochea_horologicalis,,07,diatom,2854.7
0002726,bellerochea_malleus,,07,diatom,2484
bay0404,berkeleya_rutilans,,07,diatom,47
0002678,biddulphia,,07,diatom,19338.52
0002682,biddulphia_aurita_obtusa,,07,diatom,2435.89
0002706,biddulphia_biddulphiana,,07,diatom,4125.27
0002686,biddulphia_longicruris,,07,diatom,3132.41
0002690,biddulphia_pulchella,,07,diatom,4125.27
0002696,biddulphia_regia,,07,diatom,16547.37
bay0040,biddulphia_reticulata,,07,diatom,3523.9
0002691,biddulphia_rhombus,,07,diatom,9243.39
0002698,biddulphia_sinensis,,07,diatom,78817.11
0002702,biddulphia_tridens,,07,diatom,19274.9
0002697,biddulphia_turgida,,07,diatom,560.51
bay0348,bleakeleya_notata,,07,diatom,146
bay0042,blue_green_sphere,sphere,03,cyanobacteria,3.44
bay0042,blue_green_sphere,spheres,03,cyanobacteria,3.44
bay0042,blue_green_sphere,trichome_b,03,cyanobacteria,7.6
bay0042,blue_green_sphere,trichomes,03,cyanobacteria,7.6
bay0042,blue_green_trichome,cell,03,cyanobacteria,2.42
bay0042,blue_green_trichome,cell_b,03,cyanobacteria,2.42
bay0042,blue_green_trichome,cell-_small,03,cyanobacteria,0.57
bay0042,blue_green_trichome,cell-small_taper,03,cyanobacteria,0.57
bay0042,blue_green_trichome,trichome_(cell)_large,03,cyanobacteria,20.81
0006306,botryococcus,,08,chlorophyta,26.7
0006308,botryococcus_braunii,,08,chlorophyta,84.8
0006310,botryococcus_protuberans,,08,chlorophyta,38
0006309,botryococcus_sudeticus,,08,chlorophyta,6.9
0002196,calciosolenia,,06,haptophyta,136.1
0002198,calciosolenia_granii,,06,haptophyta,152.3
0002197,calciosolenia_murrayi,,06,haptophyta,119.9
0004369,caloneis,,07,diatom,202.25
0202438,caloneis_fusioides,,07,diatom,934.9
bay0346,caloneis_lepidula,,07,diatom,349.4
0004408,caloneis_lewisii,,07,diatom,349.4
bay0047,caloneis_staurophora,,07,diatom,2242.6
0004376,caloneis_subsalina,,07,diatom,212.63
bay0304,caloneis_trinodis,,07,diatom,399.9
0004425,caloneis_wardii,,07,diatom,133.6
0004377,caloneis_westi,,07,diatom,254.36
0001243,calothrix,,03,cyanobacteria,11.4
0001251,calothrix_parietina,,03,cyanobacteria,10.8
0001747,calycomonas,,04,chrysophyta,4.64
0001748,calycomonas_gracilis,,04,chrysophyta,10.7
0001750,calycomonas_ovalis,,04,chrysophyta,5.13
0001749,calycomonas_wulffii,,04,chrysophyta,5.07
0002199,calyptrosphaera,,06,haptophyta,376.9
0002200,calyptrosphaera_oblonga,,06,haptophyta,605.9
bay0048,campsopogan_coerulus,,07,diatom,0
0005401,campylodiscus,,07,diatom,1023.01
0005411,campylodiscus_limbatus,,07,diatom,3674.1
bay0049,campylodiscus_rutilis,,07,diatom,1023.01
0003190,campylosira,,07,diatom,81.22
0003191,campylosira_cymbelliformis,,07,diatom,81.22
0005429,carteria,,08,chlorophyta,366.52
0005442,carteria_cordiformis,,08,chlorophyta,158.1987
0002288,centrales,<_10_microns,07,diatom,25.05
0002288,centrales,<20_microns,07,diatom,33.75
0002288,centrales,<20_microns_diameter,07,diatom,33.75
0002288,centrales,>100_micron_diameter,07,diatom,4332.09
0002288,centrales,>100_microns,07,diatom,4332.09
0002288,centrales,>60_microns,07,diatom,2342.84
0002288,centrales,>60_microns_diameter,07,diatom,2342.84
0002288,centrales,10-20_microns,07,diatom,74.35
0002288,centrales,10-30_microns_diameter,07,diatom,143.01
0002288,centrales,20-100_microns,07,diatom,895.69
0002288,centrales,20-100_microns_diameter,07,diatom,895.69
0002288,centrales,31-60_microns_diameter,07,diatom,664.92
0002288,centrales,diam_<10_microns,07,diatom,25.05
0002288,centrales,diam_10-30_microns,07,diatom,143.01
0002288,centrales,diam_31-60_microns,07,diatom,664.92
0002013,centratractus_belonophorus,,05,xanthophyta,130.53
bay0052,centronella,,07,diatom,49.07
0002755,cerataulina_pelagica,,07,diatom,248.7
bay0053,cerataulus_radiatus,,07,diatom,3637.09
0010397,ceratium,,12,dinoflagellates,5060.16
0010398,ceratium_arcticum,,12,dinoflagellates,497.5
0550467,ceratium_arietinum,,12,dinoflagellates,11789
0550468,ceratium_azoricum,,12,dinoflagellates,4768
0010424,ceratium_belone,,12,dinoflagellates,4415.7
0550540,ceratium_breve,,12,dinoflagellates,18891
0010432,ceratium_buceros,,12,dinoflagellates,3905.7
0010434,ceratium_buceros_tenue,,12,dinoflagellates,2196.3
0010418,ceratium_candelabrum,,12,dinoflagellates,7422
0180929,ceratium_carolinianum,,12,dinoflagellates,30702.8
0010444,ceratium_carriense,,12,dinoflagellates,10077
0010425,ceratium_contortum,,12,dinoflagellates,1677462.45
0010426,ceratium_contortum_karsteni,,12,dinoflagellates,13985.5
0010415,ceratium_contrarium,,12,dinoflagellates,3526.9
0550469,ceratium_declinatum,,12,dinoflagellates,5979.6
bay0058,ceratium_digitatum,,12,dinoflagellates,12137.7
0010427,ceratium_extensum,,12,dinoflagellates,178015
0010399,ceratium_furca,,12,dinoflagellates,5822.35
0010400,ceratium_fusus,,12,dinoflagellates,2958.62
0010405,ceratium_gallicum,,12,dinoflagellates,203.2
0010441,ceratium_geniculatum,,12,dinoflagellates,11061.5
0010411,ceratium_hirundinella,,12,dinoflagellates,2737.01
bay0059,ceratium_hirundinella_brachyceras,,12,dinoflagellates,17795.5
0010428,ceratium_horridum,,12,dinoflagellates,3905.7
0550471,ceratium_inflatum,,12,dinoflagellates,36804
0010429,ceratium_kofoidii,,12,dinoflagellates,3043.3
0573344,ceratium_limulus,,12,dinoflagellates,9337.7
0010401,ceratium_lineatum,,12,dinoflagellates,850.79
0010447,ceratium_longinum,,12,dinoflagellates,31092.3
0010402,ceratium_longipes,,12,dinoflagellates,9834.22
0573345,ceratium_longirostrum,,12,dinoflagellates,7375
0010403,ceratium_macroceros,,12,dinoflagellates,2939.24
0010412,ceratium_massiliense,,12,dinoflagellates,3887.13
0010417,ceratium_minutum,,12,dinoflagellates,1823.41
0010442,ceratium_pavillardii,,12,dinoflagellates,22122.3
0010406,ceratium_pentagonum,,12,dinoflagellates,3033.5
bay0063,ceratium_pulchellum_semipulchellum,,12,dinoflagellates,4372.6
0010430,ceratium_ranipes,,12,dinoflagellates,11415.9
0573355,ceratium_schroeteri,,12,dinoflagellates,19977
0010420,ceratium_setaceum,,12,dinoflagellates,3466.8
0010431,ceratium_teres,,12,dinoflagellates,4309.7
0010413,ceratium_trichoceros,,12,dinoflagellates,7791.93
0010408,ceratium_tripos,,12,dinoflagellates,7581.35
0010409,ceratium_tripos_atlanticum,,12,dinoflagellates,3011.8
0183914,ceratocorys_horrida,,12,dinoflagellates,4957.1
0003321,ceratoneis,,07,diatom,81.66
0002758,chaetoceros,,07,diatom,176.62
0002758,chaetoceros,sp#1_diam_<10_microns,07,diatom,52.82
0002758,chaetoceros,sp#2_diam_10-30_microns,07,diatom,230.31
0002759,chaetoceros_affinis,,07,diatom,106.84
0002761,chaetoceros_affinis_willei,,07,diatom,71.41
0002769,chaetoceros_atlanticum,,07,diatom,1469
0002771,chaetoceros_atlanticum_neapolitana,,07,diatom,30.2
0002774,chaetoceros_borealis,,07,diatom,470.01
0002776,chaetoceros_brevis,,07,diatom,146.79
0002779,chaetoceros_coarctatus,,07,diatom,1867
0002780,chaetoceros_compressus,,07,diatom,151.61
0002781,chaetoceros_concavicornis,,07,diatom,471.37
0002783,chaetoceros_constrictus,,07,diatom,756.31
0002784,chaetoceros_convolutus,,07,diatom,338.9
0002785,chaetoceros_costatus,,07,diatom,240.37
0002838,chaetoceros_crinitus,,07,diatom,194.47
0002787,chaetoceros_curvisetus,,07,diatom,71.41
0002789,chaetoceros_danicus,,07,diatom,106.84
0002790,chaetoceros_debilis,,07,diatom,209.4
0002791,chaetoceros_decipiens,,07,diatom,358.38
0002794,chaetoceros_densum,,07,diatom,89.75
0002795,chaetoceros_diadema,,07,diatom,181
0002797,chaetoceros_didymus,,07,diatom,51.51
0002799,chaetoceros_didymus_protuberans,,07,diatom,44.51
0002801,chaetoceros_difficilis,,07,diatom,49.2
0002803,chaetoceros_diversus,,07,diatom,65.2
0002841,chaetoceros_fragilis,,07,diatom,52.82
0002806,chaetoceros_gracilis,,07,diatom,73.22
0002809,chaetoceros_laciniosus,,07,diatom,383.92
0002811,chaetoceros_lorenzianus,,07,diatom,979.2
0002812,chaetoceros_messanensis,,07,diatom,132
0002849,chaetoceros_muelleri,,07,diatom,292
bay0066,chaetoceros_neogracilis,,07,diatom,60.21
0002814,chaetoceros_pelagicus,,07,diatom,20.6
0002819,chaetoceros_pendulus,,07,diatom,53.01
0002816,chaetoceros_peruvianus,,07,diatom,209.4
0002821,chaetoceros_pseudocurvisetus,,07,diatom,412.89
0002822,chaetoceros_radicans,,07,diatom,155.18
0550512,chaetoceros_rostratus,,07,diatom,572
0002826,chaetoceros_similis,,07,diatom,106
0002844,chaetoceros_simplex,,07,diatom,270.4
0002845,chaetoceros_simplex_calcitrans,,07,diatom,270
0002827,chaetoceros_socialis_lauder,,07,diatom,63.66
0002829,chaetoceros_subtilis,,07,diatom,60.21
0002830,chaetoceros_teres,,07,diatom,1728
0002831,chaetoceros_tetrastichon,,07,diatom,65.2
0002832,chaetoceros_tortissimus,,07,diatom,145.8
0002835,chaetoceros_wighami,,07,diatom,109.5
0009370,chaetosphaeridium_globosum,,08,chlorophyta,266
0005760,characium_limneticum,,08,chlorophyta,12.34
bay0343,chattonella,,13,,480.18
bay0344,chattonella_subsalsa,,13,,480.18
bay0391,chattonella_verruculosa,,13,,475.04
0010610,chilomonas,,14,cryptomonads,75.17
0010612,chilomonas_marina,,14,cryptomonads,19.99
0005448,chlamydomonas,,08,chlorophyta,7.26
0005811,chlorella,,08,chlorophyta,22.37
0005820,chlorella_ellipsoidea,,08,chlorophyta,25.02
0005812,chlorella_marina,,08,chlorophyta,11.26
0005819,chlorella_saccharophila_ellipsoidea,,08,chlorophyta,63.3
0005814,chlorella_salina,,08,chlorophyta,16.6
0005815,chlorella_vulgaris,,08,chlorophyta,37.16
0005539,chlorogonium,,08,chlorophyta,6.1
0005415,chlorophyceae,filament_(cell),08,chlorophyta,20.81
0005415,chlorophyceae,filaments,08,chlorophyta,27.3
0005415,chlorophyceae,microphytoflaggelates,08,chlorophyta,101.75
0005415,chlorophyceae,sphere,08,chlorophyta,7.26
0005415,chlorophyceae,unidentified,08,chlorophyta,22.5
0005414,chlorophyta,,08,chlorophyta,22.5
0043811,choanoflagellida,,34,protozoa,11.19
0005866,chodatella,,08,chlorophyta,22.17
0005870,chodatella_longiseta,,08,chlorophyta,22.17
0001721,chromulina_parvula,,04,chrysophyta,3.4
0000654,chroococcus,,03,cyanobacteria,20.81
0000665,chroococcus_dispersus,,03,cyanobacteria,3.44
0000667,chroococcus_dispersus_minor,,03,cyanobacteria,1.2
0000656,chroococcus_limneticus,,03,cyanobacteria,20.81
0000660,chroococcus_limneticus_elegans,,03,cyanobacteria,361.29
0000674,chroococcus_prescottii,,03,cyanobacteria,24.9
0000655,chroococcus_turgidus,,03,cyanobacteria,475
0010613,chroomonas,,14,cryptomonads,15.89
0010620,chroomonas_amphioxeia,,14,cryptomonads,60.16
0010614,chroomonas_salina,,14,cryptomonads,36.71
0010615,chroomonas_vectensis,,14,cryptomonads,7.93
0001827,chrysamoeba_radians,,04,chrysophyta,23.91
0001860,chrysocapsa,,04,chrysophyta,51.44
0002160,chrysochromulina,,06,haptophyta,100.51
0002161,chrysochromulina_minor,,06,haptophyta,11.34
0001762,chrysococcus_minutus,,04,chrysophyta,37.2
0001753,chrysococcus_rufescens,,04,chrysophyta,20.81
bay0071,chrysococcus_tesselatus,,04,chrysophyta,188.1
0001448,chrysophyceae,,04,chrysophyta,78.46
0001448,chrysophyceae,microphytoflagellates,04,chrysophyta,78.46
0001448,chrysophyceae,unidentified,04,chrysophyta,78.46
0006763,cladophora,,08,chlorophyta,38015.9
0010482,cladopyxis,,12,dinoflagellates,126
0183951,cladopyxis_brachiolata,,12,dinoflagellates,3470.6
0010483,cladopyxis_caryophyllum,,12,dinoflagellates,6078.8
0183952,cladopyxis_claytonii,,12,dinoflagellates,266
0010487,cladopyxis_setifera,,12,dinoflagellates,335.79
0002734,climacodium,,07,diatom,2301.1
0002736,climacodium_biconcavum,,07,diatom,214.6
0002735,climacodium_frauenfeldianum,,07,diatom,643.7
0005926,closteriopsis,,08,chlorophyta,329.85
0005927,closteriopsis_longissima,,08,chlorophyta,706.72
0007257,closterium,,08,chlorophyta,2359.82
0007294,closterium_archerianum,,08,chlorophyta,5573.8
0007318,closterium_dianae,,08,chlorophyta,4957.1
0007352,closterium_lineatum,,08,chlorophyta,5502.35
0007365,closterium_parvulum,,08,chlorophyta,3158.951
0007378,closterium_pronum,,08,chlorophyta,647.39
0007266,closterium_setaceum,,08,chlorophyta,22.18
0000678,coccochloris,,03,cyanobacteria,1.2
0043790,coccolithophorida,,34,protozoa,127.88
0043790,coccolithophorida,unidentified,34,protozoa,127.88
0002249,coccolithus_pelagicus,,06,haptophyta,126
0003577,cocconeis,,07,diatom,85.85
bay0073,cocconeis_clandestina,,07,diatom,761
0003578,cocconeis_costata,,07,diatom,169
0003592,cocconeis_distans,,07,diatom,742
0003611,cocconeis_fluviatilis,,07,diatom,0
bay0074,cocconeis_molesta_crucifera,,07,diatom,345.5
0003617,cocconeis_pediculus,,07,diatom,654.6
0003593,cocconeis_pinnata,,07,diatom,630
0003584,cocconeis_scutellum,,07,diatom,124.66
0003585,cocconeis_scutellum_ornata,,07,diatom,960.5
0010021,cochlodinium,,12,dinoflagellates,154.7
0573358,cochlodinium_brandtii,,12,dinoflagellates,3184.95
bay0076,cochlodinium_constrictum,,12,dinoflagellates,7118.54
0010023,cochlodinium_heterolobatum,,12,dinoflagellates,2163.99
0006273,coelastrum,,08,chlorophyta,37.16
0006275,coelastrum_cambricum,,08,chlorophyta,31.06
0006279,coelastrum_microporum,,08,chlorophyta,3.44
0006281,coelastrum_reticulatum,,08,chlorophyta,84.72
0006282,coelastrum_sphaericum,,08,chlorophyta,14.35
0000791,coelosphaerium,,03,cyanobacteria,3.44
0002386,corethron,,07,diatom,2167.52
0002387,corethron_criophilum,,07,diatom,540.52
bay0078,corethron_valdivae,,07,diatom,1175.7
0002546,coscinodiscus,,07,diatom,4205.86
0002546,coscinodiscus,sp#1_diam_<40_microns,07,diatom,230.31
0002546,coscinodiscus,sp#2_diam_40-100_microns,07,diatom,1913.5
0002546,coscinodiscus,sp#3_diam_>100_microns,07,diatom,8262.1
0002590,coscinodiscus_apiculiferus,,07,diatom,3567.16
0002599,coscinodiscus_argus,,07,diatom,266.7
0002551,coscinodiscus_asteromphalus,,07,diatom,3174
0002552,coscinodiscus_centralis,,07,diatom,8975.67
0002589,coscinodiscus_cinctus,,07,diatom,30635.54
0002555,coscinodiscus_concinnus,,07,diatom,30635.54
0002584,coscinodiscus_gigas,,07,diatom,41.1
0002585,coscinodiscus_gigas_praetexta,,07,diatom,41.1
0002557,coscinodiscus_granii,,07,diatom,3505.31
0002586,coscinodiscus_granulosus,,07,diatom,17.9
0002559,coscinodiscus_lineatus,,07,diatom,1438.2
0002560,coscinodiscus_marginatus,,07,diatom,1787.84
0002561,coscinodiscus_nitidus,,07,diatom,869.08
0002576,coscinodiscus_nobilis,,07,diatom,4557.1
0002587,coscinodiscus_obscurus,,07,diatom,328.4
0002562,coscinodiscus_oculus-iridis,,07,diatom,4742.54
0002563,coscinodiscus_perforatus,,07,diatom,1402.15
0002567,coscinodiscus_radiatus,,07,diatom,2402.26
bay0079,coscinodiscus_rotula,,07,diatom,3567.16
0002568,coscinodiscus_stellaris,,07,diatom,2402.26
0002592,coscinodiscus_sub-bulliens,,07,diatom,1435
bay0080,coscinodiscus_sublineatus,,07,diatom,213
0002571,coscinodiscus_wailesii,,07,diatom,12596.17
0002540,coscinosira,,07,diatom,185.19
0002541,coscinosira_polychorda,,07,diatom,552.76
0007848,cosmarium,,08,chlorophyta,22.26
0007858,cosmarium_alpestre,,08,chlorophyta,4989.9
0007897,cosmarium_contractum,,08,chlorophyta,1694.72
0007902,cosmarium_costatum,,08,chlorophyta,2347.6
bay0349,cosmarium_cynthia,,08,chlorophyta,2380.98
0008012,cosmarium_ornatum,,08,chlorophyta,2746.8
0008125,cosmarium_subreniforme,,08,chlorophyta,3101.5
0008137,cosmarium_tenue,,08,chlorophyta,148.2646
0008148,cosmarium_turpinii,,08,chlorophyta,13389
0007164,cosmocladium,,08,chlorophyta,143
0006225,crucigenia,,08,chlorophyta,7.72
0006230,crucigenia_apiculata,,08,chlorophyta,12.02
0006227,crucigenia_crucifera,,08,chlorophyta,7.72
0006228,crucigenia_fenestrata,,08,chlorophyta,10.97
0006239,crucigenia_irregularis,,08,chlorophyta,21.19
0006234,crucigenia_lauterbornii,,08,chlorophyta,63.7
0006235,crucigenia_quadrata,,08,chlorophyta,6.59
0006236,crucigenia_retangularis,,08,chlorophyta,2.52
0006226,crucigenia_tetrapedia,,08,chlorophyta,8.55
0010635,cryptomonas,,14,cryptomonads,120.75
0010635,cryptomonas,<10_microns,14,cryptomonads,11.78
0010635,cryptomonas,sp#1_length_<10_microns,14,cryptomonads,11.78
0010635,cryptomonas,sp#2_length_>10_microns,14,cryptomonads,75.73
0010635,cryptomonas,species_#1,14,cryptomonads,120.75
0010635,cryptomonas,species_#2,14,cryptomonads,120.75
0010641,cryptomonas_erosa,,14,cryptomonads,318.39
0010643,cryptomonas_erosa_reflexa,,14,cryptomonads,374.2238
0010648,cryptomonas_marssonii,,14,cryptomonads,414.9176
bay0084,cryptomonas_ovalis,,14,cryptomonads,158.36
0010646,cryptomonas_ovata,,14,cryptomonads,418.91
0010656,cryptomonas_phaseolus,,14,cryptomonads,392
0010637,cryptomonas_pseudobaltica,,14,cryptomonads,75.53
bay0350,cryptomonas_rostrata,,14,cryptomonads,5300
0010650,cryptomonas_rostrella,,14,cryptomonads,98.51
0010636,cryptomonas_stigmatica,,14,cryptomonads,71.34
0002254,cyclococcolithus_fragilis,,06,haptophyta,361.3
0002253,cyclococcolithus_leptoporus,,06,haptophyta,302.6
0591126,cyclostephanos_dubius,,07,diatom,34.4
0002439,cyclotella,,07,diatom,324.11
0002439,cyclotella,<10_microns,07,diatom,33.25
0002439,cyclotella,>30_microns,07,diatom,537.98
0002439,cyclotella,10-30_microns,07,diatom,169.37
0002439,cyclotella,sp#1_diam_<10_microns,07,diatom,33.25
0002439,cyclotella,sp#2_diam_10-30_microns,07,diatom,169.37
0002439,cyclotella,sp#3_diam_>30_microns,07,diatom,537.98
0002457,cyclotella_atomus,,07,diatom,54.49
0002460,cyclotella_bodanica,,07,diatom,679.39
0002440,cyclotella_caspia,,07,diatom,61.81
0002470,cyclotella_glomerata,,07,diatom,28.11
0002445,cyclotella_meneghiniana,,07,diatom,115
0002453,cyclotella_striata,,07,diatom,348.64
0002456,cyclotella_stylorum,,07,diatom,985.51
bay0351,cylindrospermum_doryphorum,,03,cyanobacteria,13.75221
0005318,cylindrotheca_closterium,,07,diatom,105.02
0003256,cymatopleura,,07,diatom,1116.19
0003193,cymatosira_belgica,,07,diatom,60.98
0202435,cymatosira_lorenziana,,07,diatom,136.19
0004795,cymbella,,07,diatom,76.43
0004803,cymbella_affinis,,07,diatom,104.14
0004871,cymbella_tumida,,07,diatom,880.3
0004872,cymbella_turgidula,,07,diatom,88.1
0010567,cystodinium,,12,dinoflagellates,2902.5
0002398,dactyliosolen_antarcticus,,07,diatom,1018.8
0615882,dactyliosolen_fragilissimus,,07,diatom,124.53
0002399,dactyliosolen_mediterraneus,,07,diatom,484.4
0006446,dactylococcopsis,,08,chlorophyta,30.63
0005890,dactylococcopsis_fascicularis,,08,chlorophyta,3.7
0006451,dactylococcopsis_rhaphidioides,,08,chlorophyta,30.63
bay0087,delphineis_surirella,,07,diatom,115
0005319,denticula,,07,diatom,155.55
0007256,desmidiaceae,unidentified,08,chlorophyta,8099.75
0008844,desmidium,,08,chlorophyta,497.5
0008849,desmidium_baileyi,,08,chlorophyta,392.2
0008863,desmidium_grevillii,,08,chlorophyta,682.2
0002535,detonula_confervacea,,07,diatom,127.49
0573633,detonula_pumila,,07,diatom,905.12
0003214,diatoma,,07,diatom,190.11
0003226,diatoma_anceps,,07,diatom,94.79
0003229,diatoma_elongatum,,07,diatom,230.62
0003215,diatoma_hiemale,,07,diatom,413.85
0003219,diatoma_vulgare,,07,diatom,121.27
0001805,dictyocha_fibula,,04,chrysophyta,749.08
bay0317,dictyocha_siderea,,04,chrysophyta,329.8
0006297,dictyosphaerium,,08,chlorophyta,12.96
0006300,dictyosphaerium_planctonicum,,08,chlorophyta,46
0006298,dictyosphaerium_pulchellum,,08,chlorophyta,25.62
0055858,didymocystis,,39,flatworm,5.54
0003182,dimerogramma,,07,diatom,68.71
0003187,dimerogramma_minor,,07,diatom,133.78
0006303,dimorphococcus,,08,chlorophyta,14.35
0006304,dimorphococcus_lunatus,,08,chlorophyta,48.66
0001515,dinobryon,,04,chrysophyta,109.53
0001522,dinobryon_bavaricum,,04,chrysophyta,280.53
0001529,dinobryon_calciformis,,04,chrysophyta,16.6
0001530,dinobryon_cylindricum,,04,chrysophyta,518.32
0001534,dinobryon_divergens,,04,chrysophyta,37.1
0001517,dinobryon_sertularia,,04,chrysophyta,318.39
0001525,dinobryon_sociale,,04,chrysophyta,37.1
0009928,dinophysis,,12,dinoflagellates,3274.97
0009938,dinophysis_acuminata,,12,dinoflagellates,688.88
0009930,dinophysis_acuta,,12,dinoflagellates,7718.36
0009931,dinophysis_arctica,,12,dinoflagellates,377.96
bay0088,dinophysis_baltica,,12,dinoflagellates,377.96
0009939,dinophysis_caudata,,12,dinoflagellates,5120.45
bay0089,dinophysis_dentata,,12,dinoflagellates,761.7
0009971,dinophysis_diegensis,,12,dinoflagellates,5489.4
0009970,dinophysis_doryphorum,,12,dinoflagellates,3526.9
0009946,dinophysis_exigua,,12,dinoflagellates,4180.5
0009947,dinophysis_fortii,,12,dinoflagellates,2496.14
0009948,dinophysis_hastata,,12,dinoflagellates,4466.67
0009953,dinophysis_lachmannii,,12,dinoflagellates,377.96
0009949,dinophysis_micropterygia,,12,dinoflagellates,5135.4
0009977,dinophysis_minuta,,12,dinoflagellates,617.9
0573374,dinophysis_monacantha,,12,dinoflagellates,9763.8
0009932,dinophysis_norvegica,,12,dinoflagellates,11234.03
0009936,dinophysis_ovum,,12,dinoflagellates,4646.98
0009950,dinophysis_parvula,,12,dinoflagellates,4957.1
0009979,dinophysis_pulchella,,12,dinoflagellates,625.89
0009951,dinophysis_punctata,,12,dinoflagellates,424.21
0009933,dinophysis_rotundata,,12,dinoflagellates,1531
0573380,dinophysis_sacculus,,12,dinoflagellates,3407.5
0009954,dinophysis_schroederi,,12,dinoflagellates,11927.2
0009952,dinophysis_schuettii,,12,dinoflagellates,3590.5
0009935,dinophysis_sphaerica,,12,dinoflagellates,2027.89
0009941,dinophysis_tripos,,12,dinoflagellates,9034.7
0004325,diploneis,,07,diatom,192.56
0004333,diploneis_bombus_(navicula_bombus),,07,diatom,99.97
0004345,diploneis_constricta,,07,diatom,497
0004334,diploneis_crabro,,07,diatom,2597.8
bay0092,diploneis_crabro_pandura,,07,diatom,1348.2
0004350,diploneis_elliptica,,07,diatom,1767.1
bay0093,diploneis_gruendleri,,07,diatom,408.1
0004341,diploneis_littoralis,,07,diatom,575
bay0094,diploneis_obliqua,,07,diatom,7059.7
0004328,diploneis_smithi,,07,diatom,10620.7
0004332,diploneis_subcincta,,07,diatom,1279
0004337,diploneis_suborbicularis,,07,diatom,1039.6
0010198,diplopeltopsis_minor,,12,dinoflagellates,3264.8
0010169,diplopsalis,,12,dinoflagellates,364.45
0010171,diplopsalis_lenticula,,12,dinoflagellates,2802.01
0002255,discosphaera,,06,haptophyta,106.5
0002256,discosphaera_tubifer,,06,haptophyta,106.5
0006381,dispora_crucigenioides,,08,chlorophyta,4.83
0010339,dissodium_asymmetricum,,12,dinoflagellates,5406.55
0001810,distephanus_speculum,,04,chrysophyta,111.47
0002928,ditylum_brightwellii,,07,diatom,1633.26
0001814,ebria_tripartita,,04,chrysophyta,487.48
0006336,echinosphaerella,,08,chlorophyta,89.06
0009412,elakatothrix,,08,chlorophyta,634.65
0009413,elakatothrix_gelatinosa,,08,chlorophyta,50.96
0002251,emiliania_huxleyi,,06,haptophyta,31.06
0590838,encyonema,,07,diatom,174.35
0591272,encyonema_silesiacum,,07,diatom,88.1
0006535,enteromorpha_intestinalis,,08,chlorophyta,1.27e+11
0000829,entophysalis_deusta,,03,cyanobacteria,1.2
bay0303,epiphytic_flagellates,,ph,ph,3.4
0005005,epithemia,,07,diatom,210.14
0005006,epithemia_argus,,07,diatom,182.06
0005020,epithemia_turgida,,07,diatom,237.07
0006331,errerella,,08,chlorophyta,3.44
0006332,errerella_bornhemiensis,,08,chlorophyta,12.9
0008525,euastrum,,08,chlorophyta,70.72
0008527,euastrum_abruptum,,08,chlorophyta,70.72
0002731,eucampia_cornuta,,07,diatom,608.13
0002733,eucampia_zoodiacus,,07,diatom,441.91
0005597,eudorina,,08,chlorophyta,152.04
0005598,eudorina_elegans,,08,chlorophyta,225
0009620,euglena,,11,euglenophycota,1017.01
0009622,euglena_acus,,11,euglenophycota,651.43
0550494,euglena_agilis,,11,euglenophycota,59.03
0009653,euglena_convoluta,,11,euglenophycota,2016.478
0009626,euglena_deses,,11,euglenophycota,1458.42
0009631,euglena_ehrenbergi,,11,euglenophycota,969.01
0009646,euglena_elastica,,11,euglenophycota,765
0009673,euglena_fusca,,11,euglenophycota,1013.89
0009632,euglena_mutabilis,,11,euglenophycota,263.46
0009634,euglena_mutabilis_mainxi,,11,euglenophycota,1158.69
0009664,euglena_polymorpha,,11,euglenophycota,3009.8
0009627,euglena_proxima,,11,euglenophycota,928
0009628,euglena_pumila,,11,euglenophycota,12
0009630,euglena_spirogyra,,11,euglenophycota,2632
0009636,euglena_viridis,,11,euglenophycota,914.89
0003337,eunotia,,07,diatom,164.68
0193766,eunotia_bidentula,,07,diatom,104.86
0003403,eunotia_major,,07,diatom,248.42
0003357,eunotia_pectinalis,,07,diatom,84.51
0003365,eunotia_praerupta,,07,diatom,129.53
0003374,eunotia_serra_diadema,,07,diatom,257.1
0009605,eutreptia,,11,euglenophycota,656.77
0009607,eutreptia_lanowii,,11,euglenophycota,119.91
0009606,eutreptia_marina,,11,euglenophycota,1508.38
0009608,eutreptia_viridis,,11,euglenophycota,196.1
bay0107,florisphaera_profunda,,06,haptophyta,22.6
0002932,fragilaria,,07,diatom,153.6
0002932,fragilaria,sp#1_length_<30_microns,07,diatom,42.32
0002932,fragilaria,sp#2_length_30-60_microns,07,diatom,140.13
0002932,fragilaria,sp#3_length_>60_microns,07,diatom,283.39
0003325,fragilaria_arcus,,07,diatom,206.13
0002953,fragilaria_capucina,,07,diatom,213
0002957,fragilaria_construens,,07,diatom,37.63
0002933,fragilaria_crotonensis,,07,diatom,214.48
0202433,fragilaria_hyalina,,07,diatom,179.58
0002987,fragilaria_intermedia,,07,diatom,202.6
0002937,fragilaria_pinnata,,07,diatom,32.4
0002941,fragilaria_striatula,,07,diatom,102.05
0005076,fragilariopsis_cylindrus,,07,diatom,24.8
0005140,fragilariopsis_oceanica,,07,diatom,66.1
0005958,franceia,,08,chlorophyta,51.44
0005960,franceia_ovalis,,08,chlorophyta,119.51
0004564,frustulia,,07,diatom,533.7
0004565,frustulia_rhomboides,,07,diatom,1600
0006463,geminella,,08,chlorophyta,4.32
0002259,gephyrocapsa_caribbeanica,,06,haptophyta,78.5
bay0109,gephyrocapsa_ericsonii,,06,haptophyta,3.43
0002258,gephyrocapsa_oceanica,,06,haptophyta,78.5
0010174,glenodinium,,12,dinoflagellates,580.53
0010183,glenodinium_armatum,,12,dinoflagellates,977.4
0010176,glenodinium_danicum,,12,dinoflagellates,324.94
0010178,glenodinium_gymnodinium,,12,dinoflagellates,771.26
0010185,glenodinium_quadridens,,12,dinoflagellates,1495.3
0000682,gloeocapsa,,03,cyanobacteria,3.44
0000689,gloeocapsa_aeruginosa,,03,cyanobacteria,3.44
0000700,gloeocapsa_punctata,,03,cyanobacteria,0.965525
0006355,gloeocystis,,08,chlorophyta,78.46
0006360,gloeocystis_vesiculosa,,08,chlorophyta,7.26
0000703,gloeothece,,03,cyanobacteria,5.35
0000708,gloeothece_linearis_composita,,03,cyanobacteria,10.2
0003189,glyphodesmis_distans,,07,diatom,709.98
0006315,golenkinia_radiata,,08,chlorophyta,100.51
0004911,gomphonema,,07,diatom,325.08
0004919,gomphonema_acuminatum,,07,diatom,357.72
0004940,gomphonema_geminatum,,07,diatom,403.35
0004982,gomphonema_sphaerophorum,,07,diatom,383.86
0000714,gomphosphaeria,,03,cyanobacteria,7.26
0000715,gomphosphaeria_aponina,,03,cyanobacteria,12.96
0008923,gonatozygon_brebissonii,,08,chlorophyta,554.03
0005573,gonium,,08,chlorophyta,126
0005574,gonium_pectorale,,08,chlorophyta,29.2
0005575,gonium_sociale,,08,chlorophyta,173.49
0010359,gonyaulax,,12,dinoflagellates,1914.72
0010378,gonyaulax_apiculata,,12,dinoflagellates,3526.9
0010376,gonyaulax_birostris,,12,dinoflagellates,11339.4
bay0110,gonyaulax_conjuncta,,12,dinoflagellates,818.7
0010364,gonyaulax_diacantha,,12,dinoflagellates,650.06
0010379,gonyaulax_diegensis,,12,dinoflagellates,3689.8
0010366,gonyaulax_digitalis,,12,dinoflagellates,2579.66
0010381,gonyaulax_excavata,,12,dinoflagellates,1913.8
0615888,gonyaulax_fragilis,,12,dinoflagellates,23483
0010375,gonyaulax_longispina,,12,dinoflagellates,2422.8
0010382,gonyaulax_minima,,12,dinoflagellates,683.8
0010377,gonyaulax_minuta,,12,dinoflagellates,454
0010367,gonyaulax_monilata,,12,dinoflagellates,1676.9
0010368,gonyaulax_monocantha,,12,dinoflagellates,1453.13
0010370,gonyaulax_polyedra,,12,dinoflagellates,2825.23
0010371,gonyaulax_polygramma,,12,dinoflagellates,2163.99
0010361,gonyaulax_spinifera,,12,dinoflagellates,1228.14
0010373,gonyaulax_triacantha,,12,dinoflagellates,1544.31
0010374,gonyaulax_unicornis,,12,dinoflagellates,624.4
0550478,gonyaulax_verior,,12,dinoflagellates,820.07
0003197,grammatophora,,07,diatom,141.05
0003198,grammatophora_angulosa,,07,diatom,117.53
0003199,grammatophora_marina,,07,diatom,306.82
0003203,grammatophora_serpentina,,07,diatom,272.76
bay0286,green_cells,<3_microns,gr,chlorophyta,0.57
bay0286,green_cells,3-5_microns,gr,chlorophyta,7.26
bay0286,green_cells,5-10_microns,gr,chlorophyta,37.16
bay0352,guinardia_cylindrus,,07,diatom,3544
0615883,guinardia_delicatula,,07,diatom,226.21
0002922,guinardia_flaccida,,07,diatom,879.34
bay0389,guinardia_striata,,07,diatom,1113.93
0010031,gymnodinium,,12,dinoflagellates,1725.77
0010031,gymnodinium,sp.#1_5-20um_w_10-20um_l,12,dinoflagellates,74.2
0010031,gymnodinium,sp.#2_21-40um_w_21-50um_l,12,dinoflagellates,601.18
0010031,gymnodinium,sp.#3_41-70um_w_51-70um_l,12,dinoflagellates,2302.4
0010031,gymnodinium,sp.#4_71-100um_w_71-120um_l,12,dinoflagellates,7777.76
0010031,gymnodinium,species_2,12,dinoflagellates,1725.77
0010043,gymnodinium_arcticum,,12,dinoflagellates,622.7
0010059,gymnodinium_boguensis,,12,dinoflagellates,734.38
0010157,gymnodinium_breve,,12,dinoflagellates,237.91
bay0353,gymnodinium_cnecoides,,12,dinoflagellates,0
0331281,gymnodinium_coeruleum,,12,dinoflagellates,21353.9
0573402,gymnodinium_conicum,,12,dinoflagellates,1349.3
0573403,gymnodinium_costatum,,12,dinoflagellates,3673.32
0010048,gymnodinium_danicans,,12,dinoflagellates,183.88
0010044,gymnodinium_dissimile,,12,dinoflagellates,4784.9
0010050,gymnodinium_flavum,,12,dinoflagellates,576.31
0010040,gymnodinium_fuscum,,12,dinoflagellates,15229.9
0010052,gymnodinium_gracilentum,,12,dinoflagellates,59.67
0010045,gymnodinium_grammaticum,,12,dinoflagellates,1061
bay0354,gymnodinium_impatiens,,12,dinoflagellates,0
0010053,gymnodinium_marinum,,12,dinoflagellates,704
0180905,gymnodinium_mitratum,,12,dinoflagellates,3091.225
0180906,gymnodinium_neglectum,,12,dinoflagellates,1929.7
0010034,gymnodinium_nelsonii,,12,dinoflagellates,3382.26
0010033,gymnodinium_punctatum,,12,dinoflagellates,35.48
0010035,gymnodinium_pygmaeum,,12,dinoflagellates,94
0010070,gymnodinium_rhomboides,,12,dinoflagellates,2464.3
0010036,gymnodinium_simplex,,12,dinoflagellates,99.07
bay0119,gymnodinium_situla,,12,dinoflagellates,3526.9
0010037,gymnodinium_splendens,,12,dinoflagellates,489.4
0010055,gymnodinium_stellatum,,12,dinoflagellates,548.75
0180910,gymnodinium_uberrimum,,12,dinoflagellates,1731.7
0010039,gymnodinium_variabile,,12,dinoflagellates,271.89
0010058,gymnodinium_verruculosum,,12,dinoflagellates,71.62
0010077,gyrodinium,,12,dinoflagellates,2374.98
0010077,gyrodinium,sp#1_5-20um_w_10-20um_l,12,dinoflagellates,90.01
0010077,gyrodinium,sp#2_21-40um_w_21-50um_l,12,dinoflagellates,601.18
0010077,gyrodinium,sp#3_41-70um_w_51-70um_l,12,dinoflagellates,2302.4
0010077,gyrodinium,sp#4_71-100um_w_71-120um_l,12,dinoflagellates,6411.07
0010078,gyrodinium_aureolum,,12,dinoflagellates,608
0010082,gyrodinium_dominans,,12,dinoflagellates,330.66
0010089,gyrodinium_estuariale,,12,dinoflagellates,77.78
0010088,gyrodinium_fusiforme,,12,dinoflagellates,8014.93
0202444,gyrodinium_lacryma,,12,dinoflagellates,2170.9
0202444,gyrodinium_lacryna,,12,dinoflagellates,2170.9
0010086,gyrodinium_spirale,,12,dinoflagellates,4784.59
0010095,gyrodinium_uncatenum,,12,dinoflagellates,2067.74
0010096,gyrodinium_undulans,,12,dinoflagellates,1597.1
0004622,gyrosigma,,07,diatom,111.23
0004623,gyrosigma_balticum,,07,diatom,2966.43
bay0122,gyrosigma_balticum_silimis,,07,diatom,5552
0004624,gyrosigma_fasciola,,07,diatom,111.23
0004637,gyrosigma_hippocampus,,07,diatom,1297.01
0004650,gyrosigma_macrum,,07,diatom,1285.6
0004625,gyrosigma_spenceri,,07,diatom,1535.2
0591548,gyrosigma_spenceri_nodiferum,,07,diatom,1129
0004631,gyrosigma_wansbeckii,,07,diatom,1202.4
bay0125,halopappus_adriaticus,,06,haptophyta,169.3
0005303,hantzschia,,07,diatom,286.87
0005309,hantzschia_marina,,07,diatom,209.96
bay0316,helicotheca_tamesis,,07,diatom,2357.17
0002748,hemiaulus,,07,diatom,734.94
0002749,hemiaulus_hauckii,,07,diatom,327.91
0002752,hemiaulus_indicus,,07,diatom,185.3
0002750,hemiaulus_membranaceus,,07,diatom,775.95
0002751,hemiaulus_sinensis,,07,diatom,1076.79
0002668,hemidiscus_cuneiformis,,07,diatom,2082.35
0010604,hemiselmis,,14,cryptomonads,7.6
0010459,heteraulacus_polyedricus,,12,dinoflagellates,4524.8
0010207,heterocapsa_triquetra,,12,dinoflagellates,294.61
0009517,heteromastix_pyriformis,,10,prasinophyta,4.4
0009528,heteromastix_rotunda,,10,prasinophyta,20.81
bay0342,heterosigma_akashiwo,,05,xanthophyta,196.69
0573432,histioneis_longicollis,,12,dinoflagellates,4030.7
0573438,histioneis_variabilis,,12,dinoflagellates,2302.4
bay0355,hormidium_klebsii,,08,chlorophyta,162.8368
0008750,hyalotheca,,08,chlorophyta,610.69
0008755,hyalotheca_dissiliens_tatrica,,08,chlorophyta,488.48
0006079,hydrodictyon,,08,chlorophyta,1244497
0006080,hydrodictyon_reticulatum,,08,chlorophyta,324450
0002209,hymenomonas,,06,haptophyta,224.98
0002210,hymenomonas_carterae,,06,haptophyta,224.98
0002143,isochrysis_galbana,,06,haptophyta,4.1
0000725,johannesbaptistia_pellucida,,03,cyanobacteria,67.73
bay0326,karlodinium_micrum,,12,dinoflagellates,116.15
0010104,katodinium,,12,dinoflagellates,21.12
0010108,katodinium_asymmetricum,,12,dinoflagellates,211.11
0010106,katodinium_rotundatum,,12,dinoflagellates,21.12
0001764,kephyrion,,04,chrysophyta,37.16
bay0134,kephyrion_ovale,,04,chrysophyta,37.16
0202441,keratococcus,,08,chlorophyta,8.04
0005895,kirchneriella,,08,chlorophyta,10.5
0005905,kirchneriella_contorta,,08,chlorophyta,4.2
0005906,kirchneriella_elongata,,08,chlorophyta,18.4
0005896,kirchneriella_lunaris,,08,chlorophyta,25.65
0005904,kirchneriella_obesa_major,,08,chlorophyta,38
0005907,kirchneriella_subsolitaria,,08,chlorophyta,13.23
bay0135,lagerheimia,,08,chlorophyta,22.17
0005872,lagerheimia_ciliata,,08,chlorophyta,223.4
bay0136,lagerheimia_citriformis,,08,chlorophyta,98.5
0006022,lagerheimia_longiseta,,08,chlorophyta,22.17
0002530,lauderia,,07,diatom,1385.36
0002531,lauderia_borealis,,07,diatom,1385.36
bay0137,lauterborniella_elegantissima,,64,insecta,7.72
0009758,lepocinclis,,11,euglenophycota,413.88
bay0375,leptocinclis_ovum_gracilicauda,,11,euglenophycota,1231.05
0009765,leptocinclis_sphagnophila,,11,euglenophycota,168.7459
0002395,leptocylindrus_danicus,,07,diatom,97.1
0573630,leptocylindrus_mediterraneus,,07,diatom,484.4
0002396,leptocylindrus_minimus,,07,diatom,64.64
0003155,licmophora,,07,diatom,91.54
0003168,licmophora_abbreviata,,07,diatom,36.92
0003161,licmophora_flabellata,,07,diatom,320.59
0003162,licmophora_gracilis,,07,diatom,908.6
bay0140,licmophora_inflata,,07,diatom,26.14
0003163,licmophora_paradoxa,,07,diatom,4448
0003164,licmophora_paradoxa_tincta,,07,diatom,2314
0003166,licmophora_tincta,,07,diatom,346.5
0573538,lingulodinium_polyedra,,12,dinoflagellates,2825.23
0002924,lithodesmium,,07,diatom,1640.67
0002925,lithodesmium_undulatum,,07,diatom,1640.67
0000870,lyngbya,,03,cyanobacteria,6.03
0000882,lyngbya_contorta,,03,cyanobacteria,2.73
0000890,lyngbya_hieronymusii,,03,cyanobacteria,0.77
0000894,lyngbya_limnetica,,03,cyanobacteria,6.3
0001598,mallomonas,,04,chrysophyta,278.6
0001604,mallomonas_caudata,,04,chrysophyta,1969.99
0001609,mallomonas_producta,,04,chrysophyta,575.43
0001612,mallomonas_tonsurata,,04,chrysophyta,297.59
0046208,marssoniella_elegans,,35,protozoa,2.32
0001378,mastigocoleus_testarum,,03,cyanobacteria,33.56
0004549,mastogloia,,07,diatom,111.71
bay0147,mastogloia_apiculata,,07,diatom,885
0004550,mastogloia_brauni,,07,diatom,885
bay0148,mastogloia_cocconeiformis,,07,diatom,1800
bay0149,mastogloia_gibbosa,,07,diatom,102.6
0004562,mastogloia_pumila,,07,diatom,75.2
0004552,mastogloia_rostrata,,07,diatom,482
0004553,mastogloia_smithii,,07,diatom,268
0002290,melosira,,07,diatom,54.05
0002290,melosira,sp#1_diam_<20_microns,07,diatom,45.19
0002290,melosira,sp#2_diam_>20_microns,07,diatom,488.98
0002327,melosira_arenaria,,07,diatom,1148.94
0002326,melosira_dubia,,07,diatom,58.77
0002319,melosira_hummi,,07,diatom,45.3
bay0150,melosira_islandica_curvata,,07,diatom,74
0002307,melosira_islandica_helvetica,,07,diatom,292
0002292,melosira_jurgensii,,07,diatom,188.69
0002309,melosira_lineata,,07,diatom,188.69
0002293,melosira_moniliformis,,07,diatom,1052.7
0002294,melosira_nummuloides,,07,diatom,312.1
0002339,melosira_varians,,07,diatom,919.48
bay0376,membraneis_challengeri,,07,diatom,894.7
0003237,meridion,,07,diatom,149.62
0003238,meridion_circulare,,07,diatom,23.19
0000727,merismopedia,,03,cyanobacteria,6.02
0000729,merismopedia_convoluta,,03,cyanobacteria,9.9
0000732,merismopedia_elegans,,03,cyanobacteria,54.4
0000743,merismopedia_elegans_major,,03,cyanobacteria,162.3
0000728,merismopedia_glauca,,03,cyanobacteria,17.26
0000738,merismopedia_punctata,,03,cyanobacteria,6.02
0000739,merismopedia_tenuissima,,03,cyanobacteria,0.99
0001817,mesocena_polymorpha,,04,chrysophyta,7.26
0002221,michaelsarsia_elegans,,06,haptophyta,42
0006321,micractinium,,08,chlorophyta,12.96
0006322,micractinium_pusillum,,08,chlorophyta,12.96
0006324,micractinium_pusillum_elegans,,08,chlorophyta,12.96
0010485,micranthodinium,,12,dinoflagellates,50.41
0008358,micrasterias,,08,chlorophyta,77847.12
0008444,micrasterias_johnsonii,,08,chlorophyta,6013.8
0008422,micrasterias_pinnatifida,,08,chlorophyta,571.3
0008371,micrasterias_radiata,,08,chlorophyta,1263.2
0008425,micrasterias_truncata,,08,chlorophyta,889.2
0000906,microcoleus,,03,cyanobacteria,254.31
0000908,microcoleus_lyngbyaceus,,03,cyanobacteria,254.31
0000747,microcystis,,03,cyanobacteria,1.2
0000750,microcystis_aeruginosa,,03,cyanobacteria,7.26
0000771,microcystis_incerta,,03,cyanobacteria,0.35
bay0153,microflagellates,species_#2,ph,ph,76.55
bay0152,micro-phytoflag,length_<10_microns,ph,ph,20.81
bay0152,micro-phytoflag,length_>10_microns,ph,ph,126
bay0152,micro-phytoflagellates,<10_microns,ph,ph,20.81
bay0152,micro-phytoflagellates,>10_microns,ph,ph,126
0009295,microspora,,08,chlorophyta,3294.56
0009304,microspora_quadrata,,08,chlorophyta,39.29945
0010209,minuscula_bipes,,12,dinoflagellates,286.12
0573689,minutocellus_polymorphus,,07,diatom,30.29
0001941,monodus,,05,xanthophyta,4.41
bay0156,monodus_guttula,,05,xanthophyta,5.54
0005990,monoraphidium,,08,chlorophyta,23.78
0007055,mougeotia,,08,chlorophyta,246.47
0016153,murrayella,,12,dinoflagellates,3084
0005825,nannochloris,,08,chlorophyta,2.14
0005826,nannochloris_atomus,,08,chlorophyta,3.4
0003649,navicula,,07,diatom,192
0003649,navicula,sp#1_length_<20_microns,07,diatom,48.31
0003649,navicula,sp#2_length_20-60_microns,07,diatom,247.07
0003649,navicula,sp#3_length_>60_microns,07,diatom,567.55
0003747,navicula_abrupta,,07,diatom,4768
0004083,navicula_amphipleuroides,,07,diatom,1555.9
bay0162,navicula_annulata,,07,diatom,936.95
0003656,navicula_arenaria,,07,diatom,269.5
0003737,navicula_arvensis,,07,diatom,13.13
0003804,navicula_atomus,,07,diatom,15.06
bay0163,navicula_beyrichiana,,07,diatom,170.21
0003697,navicula_bombus,,07,diatom,122.61
0003699,navicula_cancellata,,07,diatom,288.73
0003741,navicula_cincta,,07,diatom,58.65
0003781,navicula_clavata,,07,diatom,2391
0003734,navicula_cuspidata_ambigua,,07,diatom,573.67
0003669,navicula_directa,,07,diatom,444.8
0003670,navicula_distans,,07,diatom,1414.9
bay0377,navicula_eidrigeana,,07,diatom,1451.4
0003806,navicula_elegans,,07,diatom,1451.4
0003728,navicula_forcipata,,07,diatom,654.5
0003786,navicula_granulata,,07,diatom,279.68
0003730,navicula_hennedyi,,07,diatom,1933.4
0003704,navicula_humerosa,,07,diatom,1710.7
0591330,navicula_inserata,,07,diatom,936.95
bay0164,navicula_interrupta,,07,diatom,138.59
0003706,navicula_irrorata,,07,diatom,34.4
0004063,navicula_laevissima,,07,diatom,196.1
bay0166,navicula_lata,,07,diatom,162.58
0003707,navicula_lyra,,07,diatom,349.19
0003710,navicula_maculata,,07,diatom,3086
0003677,navicula_membranacea,,07,diatom,1268.91
0202437,navicula_northumbrica,,07,diatom,86.57
0591003,navicula_notablis,,07,diatom,218.64
bay0168,navicula_opima,,07,diatom,27.24
0003729,navicula_palpebralis,,07,diatom,717.8
0003752,navicula_peregrina,,07,diatom,1155.9
0003744,navicula_phyllepta,,07,diatom,196.1
0003925,navicula_placenta,,07,diatom,413
0003803,navicula_praetexta,,07,diatom,7250.8
0004102,navicula_pusilla,,07,diatom,480.6
bay0169,navicula_retusa_cancellata,,07,diatom,288.73
0591353,navicula_rhombica,,07,diatom,846.7
0003712,navicula_salinarum,,07,diatom,175.96
0003684,navicula_septentrionalis,,07,diatom,143.4772
0003801,navicula_spectabilis,,07,diatom,357
0003716,navicula_spicula,,07,diatom,0
0003687,navicula_transitans_asymmetrica,,07,diatom,513.4
0003270,neidium_affine,,07,diatom,209.1
0001901,nephrochloris,,05,xanthophyta,10.2
0001477,nephrochloris_salina,,04,chrysophyta,11.4
0005965,nephrocytium_agardhianum,,08,chlorophyta,7.87
0005968,nephrocytium_limneticum,,08,chlorophyta,107.4
0005070,nitzschia,,07,diatom,95.77
0005070,nitzschia,sp#1_length_<30_microns,07,diatom,32.03
0005070,nitzschia,sp#2_length_30-70_microns,07,diatom,104.99
0005070,nitzschia,sp#3_length_>70_microns,07,diatom,153.17
0005099,nitzschia_acicularis,,07,diatom,32.79
0005160,nitzschia_amphibia,,07,diatom,64.43
0005163,nitzschia_angularis,,07,diatom,810
0005164,nitzschia_angularis_affinis,,07,diatom,6.9
0005073,nitzschia_bilobata,,07,diatom,764.9
0005074,nitzschia_bilobata_minor,,07,diatom,4.4
0005165,nitzschia_clausii,,07,diatom,45
0005103,nitzschia_constricta,,07,diatom,115.8
0005077,nitzschia_delicatissima,,07,diatom,43.71
0005178,nitzschia_distans,,07,diatom,1404
0005150,nitzschia_frustulum,,07,diatom,70
0005152,nitzschia_frustulum_perpusilla,,07,diatom,22.87277
0005167,nitzschia_gracillima,,07,diatom,54
bay0174,nitzschia_incurva_lorenziana,,07,diatom,168.47
0005168,nitzschia_insignis,,07,diatom,1508
0005104,nitzschia_linearis,,07,diatom,159.77
0005080,nitzschia_longissima,,07,diatom,47.37
0005174,nitzschia_lorenziana_densistriata,,07,diatom,292.4
0005170,nitzschia_lorenziana_incerta,,07,diatom,27.2
0005085,nitzschia_obtusa,,07,diatom,185.34
0005087,nitzschia_obtusa_scalpelliformis,,07,diatom,362.7
0005088,nitzschia_pacifica,,07,diatom,137.7
0005250,nitzschia_paleacea,,07,diatom,29.84
0005110,nitzschia_panduriformis,,07,diatom,1279
0005089,nitzschia_paradoxa,,07,diatom,44.27
0005114,nitzschia_plana,,07,diatom,599.01
0005179,nitzschia_proxima,,07,diatom,129.18
0005118,nitzschia_sigma,,07,diatom,188.98
bay0176,nitzschia_sigma_intercedens,,07,diatom,41280.9
0005120,nitzschia_sigma_rigida,,07,diatom,352.5
0005177,nitzschia_socialis,,07,diatom,243.1
0005175,nitzschia_spathulata,,07,diatom,95.73
0005130,nitzschia_tribionella,,07,diatom,337.86
0005135,nitzschia_vermicularis,,07,diatom,301.53
0005204,nitzschia_vitrea,,07,diatom,40.75
bay0178,nitzschia_vitrea_recta,,07,diatom,63.38
bay0179,nitzschia_vitrea_salinarum,,74,bryozoan,169.23
0010149,noctiluca_miliaris,,12,dinoflagellates,6900500.52
0010150,noctiluca_scintillans,,12,dinoflagellates,6900514.5
0001225,nodularia,,03,cyanobacteria,161.6
0001226,nodularia_harveyana,,03,cyanobacteria,12.85
0001146,nostoc,,03,cyanobacteria,18.59
0001147,nostoc_commune,,03,cyanobacteria,18.63
0000861,nostocales,trichome,03,cyanobacteria,7.6
0010194,oblea_rotunda,,12,dinoflagellates,475.04
0001455,ochromonas,,04,chrysophyta,54.5
0001456,ochromonas_carolina,,04,chrysophyta,83.11
0202431,ochromonas_minuscula,,04,chrysophyta,59.7
0001457,ochromonas_variabilis,,04,chrysophyta,21.48
bay0314,odontella_alternans,,07,diatom,2163.01
0610098,odontella_aurita,,07,diatom,1486.34
0610124,odontella_granulata,,07,diatom,3795.13
0573696,odontella_longicruris,,07,diatom,2837.75
0610125,odontella_mobiliensis,,07,diatom,7157.64
0610128,odontella_rhombus,,07,diatom,11889.62
0610144,odontella_rhombus_trigona,,07,diatom,601.97
0610127,odontella_sinensis,,07,diatom,48878.01
0008959,oedogonium,,08,chlorophyta,6069.99
0001903,olisthodiscus,,05,xanthophyta,54.03
0001905,olisthodiscus_luteus,,05,xanthophyta,42
0005827,oocystis,,08,chlorophyta,31.06
0005833,oocystis_borgei,,08,chlorophyta,189.5554
0005834,oocystis_elliptica,,08,chlorophyta,339.3
0005838,oocystis_parva,,08,chlorophyta,44.6
0002223,ophiaster_hydroideus,,06,haptophyta,5.13
0002016,ophiocytium,,05,xanthophyta,13.82
0002019,ophiocytium_capitatum_longispinum,,05,xanthophyta,102.68
0009985,ornithocercus,,12,dinoflagellates,6569.7
0009988,ornithocercus_magnificus,,12,dinoflagellates,7447.2
0009986,ornithocercus_quadratus,,12,dinoflagellates,9940.1
0009989,ornithocercus_steini,,12,dinoflagellates,5135.4
0009987,ornithocercus_thurnii,,12,dinoflagellates,3470.6
0000917,oscillatoria,,03,cyanobacteria,14.65
0000917,oscillatoria,cells_#1_diam_<5um,03,cyanobacteria,8.04
0000917,oscillatoria,cells_#2_diam_>5um,03,cyanobacteria,41.55
0000917,oscillatoria,trichome,03,cyanobacteria,139.93
0000917,oscillatoria,trichomes,03,cyanobacteria,139.93
0000934,oscillatoria_erythraea,,03,cyanobacteria,366.08
0000940,oscillatoria_lacustris,,03,cyanobacteria,25.25
0000975,oscillatoria_limnetica,,03,cyanobacteria,3.1
0000976,oscillatoria_limosa,,03,cyanobacteria,2.81
0000925,oscillatoria_lutea,,03,cyanobacteria,22.34
0000987,oscillatoria_subbrevis,,03,cyanobacteria,2.5
0000932,oscillatoria_submembranaceae,,03,cyanobacteria,31.39
0000954,oscillatoria_tenuis,,03,cyanobacteria,11.4
0010146,oxyrrhis_marina,,12,dinoflagellates,186.63
0010463,oxytoxum,,12,dinoflagellates,2303.41
0573451,oxytoxum_belgicae,,12,dinoflagellates,3526.9
0010475,oxytoxum_constrictum,,12,dinoflagellates,7042.4
0010477,oxytoxum_coronatum,,12,dinoflagellates,354.2
0573456,oxytoxum_crassum,,12,dinoflagellates,288.63
0550532,oxytoxum_curvatum,,12,dinoflagellates,2209.1
0573458,oxytoxum_diploconus,,12,dinoflagellates,685.7
0573459,oxytoxum_elegans,,12,dinoflagellates,2471.2
0010466,oxytoxum_gladiolus,,12,dinoflagellates,1061.7
bay0192,oxytoxum_globosum,,12,dinoflagellates,1288.1
0573461,oxytoxum_gracile,,12,dinoflagellates,128.3
0550489,oxytoxum_laticeps,,12,dinoflagellates,225
0010467,oxytoxum_longiceps,,12,dinoflagellates,1897.8
0573464,oxytoxum_mediterraneum,,12,dinoflagellates,790.3
0010468,oxytoxum_milneri,,12,dinoflagellates,2196.28
0573465,oxytoxum_mitra,,12,dinoflagellates,3705.39
0573466,oxytoxum_obliquum,,12,dinoflagellates,2646
0010469,oxytoxum_parvum,,12,dinoflagellates,912.48
0010470,oxytoxum_reticulatum,,12,dinoflagellates,15290
0010471,oxytoxum_sceptrum,,12,dinoflagellates,5489.3
0010472,oxytoxum_scolopax,,12,dinoflagellates,9099.91
0010476,oxytoxum_sphaeroideum,,12,dinoflagellates,921.18
0010473,oxytoxum_tesselatum,,12,dinoflagellates,2302.4
0010474,oxytoxum_turbo,,12,dinoflagellates,1766.38
0010465,oxytoxum_variabile,,12,dinoflagellates,27.66
0009175,palmodictyon,,08,chlorophyta,3.44
0009176,palmodictyon_varium,,08,chlorophyta,136
0005578,pandorina,,08,chlorophyta,66.56
0005580,pandorina_morum,,08,chlorophyta,226.3
0002346,paralia_sulcata,,07,diatom,132.87
0010478,pavillardinium,,12,dinoflagellates,3084
bay0200,pavillardinium_biconica,,07,diatom,132.87
0610152,pavillardinium_spinosa,,12,dinoflagellates,3084
0001478,pavlova_hommersandii,,04,chrysophyta,26.1
0001476,pavlova_salina,,04,chrysophyta,11.4
0006031,pediastrum,,08,chlorophyta,103.61
0006050,pediastrum_biradiatum,,08,chlorophyta,55.34
0006032,pediastrum_boryanum,,08,chlorophyta,155.61
0006033,pediastrum_boryanum_longicorne,,08,chlorophyta,468.6
0006036,pediastrum_duplex,,08,chlorophyta,20.81
0006037,pediastrum_duplex_clathratum,,08,chlorophyta,55.11
0006041,pediastrum_duplex_gracillimum,,08,chlorophyta,4.63
0006038,pediastrum_duplex_reticulatum,,08,chlorophyta,4.81
0006043,pediastrum_duplex_rotundatum,,08,chlorophyta,53
0006064,pediastrum_glanduliferum,,08,chlorophyta,46.02
0006070,pediastrum_muticum,,08,chlorophyta,97.62
0006065,pediastrum_obtusum,,08,chlorophyta,130.53
0006045,pediastrum_simplex,,08,chlorophyta,67.04
0006046,pediastrum_simplex_duodenarium,,08,chlorophyta,421.66
0006053,pediastrum_tetras,,08,chlorophyta,3.91
0006055,pediastrum_tetras_tetraodon,,08,chlorophyta,125.57
0008499,penium,,08,chlorophyta,526.05
0002930,pennales,<10_microns,07,diatom,23.74
0002930,pennales,<10_microns_length,07,diatom,23.74
0002930,pennales,<10-20_microns,07,diatom,51.7
0002930,pennales,<20_microns,07,diatom,51.7
0002930,pennales,<20_um_length,07,diatom,51.7
0002930,pennales,>100_microns_length,07,diatom,409.85
0002930,pennales,>20_microns,07,diatom,68.95
0002930,pennales,>20_um_length,07,diatom,68.95
0002930,pennales,>60_microns_diameter,07,diatom,233.55
0002930,pennales,10-30_microns_diameter,07,diatom,98.37
0002930,pennales,10-30um_length,07,diatom,98.37
0002930,pennales,31-60_microns_diameter,07,diatom,93.76
0002930,pennales,31-60um_length,07,diatom,93.76
0002930,pennales,61-100um_length,07,diatom,233.55
0010212,peridinium,,12,dinoflagellates,6578.32
0010302,peridinium_aciculiferum,,12,dinoflagellates,2001.431
0010329,peridinium_cinctum,,12,dinoflagellates,13846
0010330,peridinium_gatunense,,12,dinoflagellates,0
0010331,peridinium_inconspicuum,,12,dinoflagellates,1196.877
bay0359,peridinium_lomnickii_splendida,,12,dinoflagellates,3346.816
bay0360,peridinium_pseudolaeve,,12,dinoflagellates,8451.896
0009766,phacus,,11,euglenophycota,5684.69
0009766,phacus,<50um_l,11,euglenophycota,224.98
0009766,phacus,>50um_l,11,euglenophycota,3639.81
0009797,phacus_curvicauda,,11,euglenophycota,1308.71
bay0361,phacus_latus,,11,euglenophycota,3230
0009789,phacus_lemmermannii,,11,euglenophycota,896.51
0009771,phacus_longicauda,,11,euglenophycota,11470.24
0180823,phacus_monilatus,,11,euglenophycota,2428.8
0009793,phacus_orbicularis,,11,euglenophycota,7218.9
bay0362,phacus_perkinensis,,11,euglenophycota,3230
0009780,phacus_suecicus,,11,euglenophycota,1002.6
0009776,phacus_triqueter,,11,euglenophycota,4624.11
0009929,phalacroma,,12,dinoflagellates,1492.2
0000992,phormidium,,03,cyanobacteria,0.97
0004428,pinnularia,,07,diatom,233.26
0004449,pinnularia_gibba,,07,diatom,425.4
0004494,pinnularia_legumen,,07,diatom,1104.8
0004498,pinnularia_major,,07,diatom,3346.1
0004439,pinnularia_nobilis,,07,diatom,1745.3
0004527,pinnularia_retangulata,,07,diatom,213.58
0004446,pinnularia_trevelyana,,07,diatom,521.74
0003194,plagiogramma,,07,diatom,55.15
0202436,plagiogramma_interruptum,,07,diatom,123.62
0003196,plagiogramma_staurophorum,,07,diatom,164.99
0003195,plagiogramma_vanheurcki,,07,diatom,86.79
0002483,planktoniella_sol,,07,diatom,819.18
0005592,platydorina,,08,chlorophyta,19.06
0005594,pleodorina,,08,chlorophyta,475
bay0363,pleurocapsa_minor,,03,cyanobacteria,20.81
0004592,pleurosigma,,07,diatom,682.39
0004620,pleurosigma_acutum,,07,diatom,2779.5
0004605,pleurosigma_aestuarii,,07,diatom,619.92
0004593,pleurosigma_angulatum,,07,diatom,1379.39
bay0209,pleurosigma_angulatum_strigosa,,07,diatom,4462.7
0004612,pleurosigma_delicatulum,,07,diatom,1732.7
0004611,pleurosigma_directum,,07,diatom,6509.9
0004594,pleurosigma_elongatum,,07,diatom,1239.15
0004598,pleurosigma_fasciola,,07,diatom,93.92
0004599,pleurosigma_formosum,,07,diatom,9550.5
0004600,pleurosigma_hamuliferum,,07,diatom,134.16
bay0210,pleurosigma_macrum,,07,diatom,494.84
0004613,pleurosigma_naviculaceum,,07,diatom,431.85
0004602,pleurosigma_nicobaricum,,07,diatom,12.9
0004603,pleurosigma_normani,,07,diatom,3625.7
0591037,pleurosigma_obscurum,,07,diatom,105
0004614,pleurosigma_rigidum,,07,diatom,7020.3
0555629,pleurosigma_salinarum,,07,diatom,937.9
0004618,pleurosigma_strigosum,,07,diatom,4643.7
0008712,pleurotaenium,,08,chlorophyta,5569.9
0008749,pleurotaenium_nodolosum,,08,chlorophyta,10004.9
0008738,pleurotaenium_subcoronulatum_dentum,,08,chlorophyta,0
0008713,pleurotaenium_trabecula,,08,chlorophyta,26217.95
0008739,pleurotaenium_tridentulum,,08,chlorophyta,1134.9
0010498,podolampas,,12,dinoflagellates,1745.04
0010499,podolampas_bipes,,12,dinoflagellates,1712.71
0573497,podolampas_curvatus,,12,dinoflagellates,1230
0010500,podolampas_elegans,,12,dinoflagellates,26.7
0010501,podolampas_palmipes,,12,dinoflagellates,3653.9
0010502,podolampas_spinifer,,12,dinoflagellates,2719.8
0002384,podosira,,07,diatom,1445.45
0002382,podosira_stelliger,,07,diatom,598.6
0005931,polyedriopsis,,08,chlorophyta,185.4
0005932,polyedriopsis_spinulosa,,08,chlorophyta,185.4
0010138,polykrikos,,12,dinoflagellates,3324.5
0331299,polykrikos_hartmannii,,12,dinoflagellates,4538.39
0010140,polykrikos_kofoidi,,12,dinoflagellates,2035.49
0002226,pontosphaera,,06,haptophyta,43.9
0002228,pontosphaera_syracusana,,06,haptophyta,939.2
0002537,porosira_glacialis,,07,diatom,1943.02
0610099,proboscia_alata,,07,diatom,1385.36
bay0309,proboscia_alata_gracillima,,07,diatom,1015.97
0610100,proboscia_inermis,,07,diatom,1577.5
bay0378,proboscla_alata_curvirostris,,07,diatom,1889.5
0010143,pronoctiluca,,12,dinoflagellates,306.1
0009877,prorocentrum,,12,dinoflagellates,364.46
0009886,prorocentrum_aporum,,12,dinoflagellates,884.47
0009888,prorocentrum_balticum,,12,dinoflagellates,24.15
0009914,prorocentrum_cassubicum,,12,dinoflagellates,891
0009890,prorocentrum_compressum,,12,dinoflagellates,350.15
0009902,prorocentrum_cordatum,,12,dinoflagellates,300
0009904,prorocentrum_dentatum,,12,dinoflagellates,858.3
0009901,prorocentrum_gracile,,12,dinoflagellates,329.25
0009893,prorocentrum_lima,,12,dinoflagellates,1202
0009898,prorocentrum_maximum,,12,dinoflagellates,725.72
0009879,prorocentrum_micans,,12,dinoflagellates,618.22
0009880,prorocentrum_minimum,,12,dinoflagellates,35.18
0009905,prorocentrum_nanum,,12,dinoflagellates,62.53
0009899,prorocentrum_obtusum,,12,dinoflagellates,2696.2
0009908,prorocentrum_ovum,,12,dinoflagellates,5.5
0009910,prorocentrum_rostratum,,12,dinoflagellates,295.28
0009912,prorocentrum_rotundatum,,12,dinoflagellates,425.45
0009884,prorocentrum_scutellum,,12,dinoflagellates,3606
0009881,prorocentrum_triestinum,,12,dinoflagellates,117.87
0009896,prorocentrum_vaginulum,,12,dinoflagellates,264
0010340,protoperidinium,,12,dinoflagellates,7122.1
0010340,protoperidinium,sp.#1_10-30w_10-40l,12,dinoflagellates,467.7
0010340,protoperidinium,sp.#2_31-75w_41-80l,12,dinoflagellates,3087.35
0010340,protoperidinium,sp.#3_76-150w_81-150l,12,dinoflagellates,15169.93
0573548,protoperidinium_abei,,12,dinoflagellates,18684.2
0010242,protoperidinium_achromaticum,,12,dinoflagellates,1621.8
bay0220,protoperidinium_aciculiferum,,12,dinoflagellates,3587.9
0010304,protoperidinium_avellana,,12,dinoflagellates,4714.8
bay0221,protoperidinium_biconicum,,12,dinoflagellates,10113.1
0010255,protoperidinium_breve,,12,dinoflagellates,1753.42
0010215,protoperidinium_brevipes,,12,dinoflagellates,745.14
0010344,protoperidinium_brochii,,12,dinoflagellates,22165.2
0010218,protoperidinium_cerasus,,12,dinoflagellates,2575.9
bay0222,protoperidinium_cinctum,,12,dinoflagellates,4130.2
0010246,protoperidinium_claudicans,,12,dinoflagellates,10715
0010248,protoperidinium_conicoides,,12,dinoflagellates,2182.51
0010220,protoperidinium_conicum,,12,dinoflagellates,11880.42
0010306,protoperidinium_crassipes,,12,dinoflagellates,19364.69
0010291,protoperidinium_decipiens,,12,dinoflagellates,14624.87
0010224,protoperidinium_depressum,,12,dinoflagellates,29720.22
0010308,protoperidinium_diabolum,,12,dinoflagellates,3537.57
0550482,protoperidinium_divergens,,12,dinoflagellates,5262.42
0010226,protoperidinium_excentricum,,12,dinoflagellates,4574
bay0224,protoperidinium_fimbriatum,,12,dinoflagellates,1362.1
0010293,protoperidinium_globulum,,12,dinoflagellates,9951.5
bay0225,protoperidinium_globulum_ovatum,,12,dinoflagellates,13085.6
0550484,protoperidinium_grande,,12,dinoflagellates,36203.2
0010228,protoperidinium_granii,,12,dinoflagellates,3911.92
0010295,protoperidinium_hirobis,,12,dinoflagellates,906.66
0010282,protoperidinium_leonis,,12,dinoflagellates,9034.74
0010310,protoperidinium_minutum,,12,dinoflagellates,2783.63
0010312,protoperidinium_mite,,12,dinoflagellates,3432.4
0010314,protoperidinium_nipponicum,,12,dinoflagellates,3230.9
bay0228,protoperidinium_nudum,,12,dinoflagellates,848.2
0010277,protoperidinium_oblongum,,12,dinoflagellates,2817.64
0010273,protoperidinium_oceanicum,,12,dinoflagellates,78762.2
bay0229,protoperidinium_orbiculare,,12,dinoflagellates,3470.6
0010237,protoperidinium_ovatum,,12,dinoflagellates,1338.56
0010233,protoperidinium_pallidum,,12,dinoflagellates,9213.12
bay0230,protoperidinium_paulseni,,12,dinoflagellates,4196.36
0010235,protoperidinium_pellucidum,,12,dinoflagellates,3331.65
0010299,protoperidinium_pendunculatum,,12,dinoflagellates,2876.1
0010270,protoperidinium_pentagonum,,12,dinoflagellates,16810.07
0010267,protoperidinium_punctulatum,,12,dinoflagellates,6918
0010265,protoperidinium_pyriforme,,12,dinoflagellates,3540.7
0010341,protoperidinium_quarnerense,,12,dinoflagellates,2482.6
0010316,protoperidinium_roseum,,12,dinoflagellates,3172
bay0231,protoperidinium_solidicorne,,12,dinoflagellates,21340.5
0010318,protoperidinium_sphaericum,,12,dinoflagellates,8234.5
0010261,protoperidinium_steini,,12,dinoflagellates,1685.14
0010320,protoperidinium_subcurvipes,,12,dinoflagellates,3524.9
0010259,protoperidinium_subinerme,,12,dinoflagellates,7348.4
0010239,protoperidinium_thorianum,,12,dinoflagellates,12538.6
bay0232,protoperidinium_wisconsisense,,12,dinoflagellates,3814.6
bay0233,psammodiscus_nitidus,,07,diatom,869.08
0584566,pseudo-nitzschia_pungens,,07,diatom,204.38
0615879,pseudo-nitzschia_seriata,,07,diatom,223.67
bay0380,pseudo-nitzschia_subpacifica,,07,diatom,102.9
0001789,pseudopedinella_pyriformis,,04,chrysophyta,18.79
0002009,pseudotetraedron_neglectum,,05,xanthophyta,53.69
bay0310,psuedosolenia_calcar-avis,,07,diatom,2774.6
0009535,pyramimonas,,10,prasinophyta,69.26
0009536,pyramimonas_amylifera,,10,prasinophyta,70.38
0009538,pyramimonas_grossii,,10,prasinophyta,13.85
0009539,pyramimonas_micron,,10,prasinophyta,11.42
0009540,pyramimonas_obovata,,10,prasinophyta,27.66
0009541,pyramimonas_plurioculata,,10,prasinophyta,18.79
0009543,pyramimonas_tetrahynchus,,10,prasinophyta,278.6
0009542,pyramimonas_torta,,10,prasinophyta,37.28
0010551,pyrocystis,,12,dinoflagellates,51724.55
0010553,pyrocystis_fusiformis,,12,dinoflagellates,77356.18
0573560,pyrocystis_fusiformis_biconica,,12,dinoflagellates,24235.7
0010554,pyrocystis_hamulus,,12,dinoflagellates,6633.9
0010552,pyrocystis_lunula,,12,dinoflagellates,23815.39
0010557,pyrocystis_pseudonoctiluca,,12,dinoflagellates,4023478.8
0010558,pyrocystis_robusta,,12,dinoflagellates,870338
0010387,pyrodinium_bahamense,,12,dinoflagellates,1411.1
0010161,pyrophacus,,12,dinoflagellates,67804.72
0010162,pyrophacus_horologicum,,12,dinoflagellates,1091.79
0009873,pyrrophycophyta,,12,dinoflagellates,519.45
0009873,pyrrophycophyta,cyst,12,dinoflagellates,1086.52
0009873,pyrrophycophyta,cyst_<25_microns,12,dinoflagellates,475.04
0009873,pyrrophycophyta,cysts,12,dinoflagellates,1086.52
0009873,pyrrophycophyta,unidentified,12,dinoflagellates,519.45
bay0403,quadricoccus_euryhalinicus,,08,chlorophyta,29
0005938,quadrigula,,08,chlorophyta,86.89
0005943,quadrigula_chodati,,08,chlorophyta,146.86
0005939,quadrigula_closteroides,,08,chlorophyta,84.37
0005941,quadrigula_lacustris,,08,chlorophyta,32.39
0001290,raphidiopsis,,03,cyanobacteria,70.07
0001291,raphidiopsis_cuvata,,03,cyanobacteria,70.07
bay0406,raphidophytes,,13,,224.98
0000805,rhabdoderma,,03,cyanobacteria,5.2
0000806,rhabdoderma_lineare,,03,cyanobacteria,5.7
0000809,rhabdoderma_sigmoidea_minor,,03,cyanobacteria,6.45
0009808,rhabdomonas_spiralis,,11,euglenophycota,49
0003208,rhabdonema,,07,diatom,859.8
0003209,rhabdonema_arcuatum,,07,diatom,1250
0003211,rhabdonema_minutum,,07,diatom,125.35
0002262,rhabdosphaera,,06,haptophyta,224.98
0002264,rhabdosphaera_claviger,,06,haptophyta,78.46
0002265,rhabdosphaera_hispida,,06,haptophyta,100.51
0002266,rhabdosphaera_longistylis,,06,haptophyta,9.9
0002263,rhabdosphaera_stylifera,,06,haptophyta,78.46
0003145,rhaphoneis,,07,diatom,224.27
0003147,rhaphoneis_amphiceros,,07,diatom,86.77
bay0238,rhaphoneis_gemmifera,,07,diatom,337.45
0001822,rhizochrysis_limnetica,,04,chrysophyta,2876.1
0002879,rhizosolenia,,07,diatom,6115.86
0002880,rhizosolenia_acuminata,,07,diatom,37117.8
0002884,rhizosolenia_alata_indica,,07,diatom,12127.89
0002887,rhizosolenia_bergonii,,07,diatom,3075.4
0002889,rhizosolenia_castracanei,,07,diatom,98296
0002915,rhizosolenia_eriensis,,07,diatom,326.28
bay0364,rhizosolenia_formosa,,07,diatom,45867.3
0002893,rhizosolenia_hebetata,,07,diatom,13021
0002895,rhizosolenia_hebetata_semispina,,07,diatom,556.19
0002897,rhizosolenia_imbricata,,07,diatom,4125.27
0002898,rhizosolenia_imbricata_shrubsolei,,07,diatom,617.71
0002918,rhizosolenia_minima,,07,diatom,42.7
bay0241,rhizosolenia_rhombus,,07,diatom,28114
0002901,rhizosolenia_robusta,,07,diatom,19618.87
0002902,rhizosolenia_setigera,,07,diatom,1398.47
0002910,rhizosolenia_shrubsoleii,,07,diatom,2361.9
0002903,rhizosolenia_stolterfothii,,07,diatom,1205.84
0002904,rhizosolenia_styliformis,,07,diatom,16421.79
0002905,rhizosolenia_styliformis_longispina,,07,diatom,4663.33
bay0242,rhizosolenia_temperei,,07,diatom,2242.8
0010665,rhodomonas_minuta,,14,cryptomonads,84.46396
bay0243,rhoicosphenia_abbreviata,,07,diatom,77.65
0005024,rhopalodia,,07,diatom,2130.9
0005041,rhopalodia_gibba,,07,diatom,1469.33
0005025,rhopalodia_gibberula,,07,diatom,129.6
bay0244,rhopalodia_operculata,,07,diatom,50.01
0001249,richelia_intracellularis,,03,cyanobacteria,33.92
0006104,scenedesmus,,08,chlorophyta,41.29
0006133,scenedesmus_abundans,,08,chlorophyta,9.82
0006105,scenedesmus_acuminatus,,08,chlorophyta,17.34
0006203,scenedesmus_anomalus,,08,chlorophyta,11.42
0006139,scenedesmus_arcuatus,,08,chlorophyta,19.47
0006141,scenedesmus_arcuatus_platydisca,,08,chlorophyta,3.37
0006120,scenedesmus_armatus,,08,chlorophyta,49.54
0006161,scenedesmus_bernardii,,08,chlorophyta,23.88
0006127,scenedesmus_bijuga,,08,chlorophyta,23.88
0006128,scenedesmus_bijuga_alternans,,08,chlorophyta,37.93
0006165,scenedesmus_brasiliensis,,08,chlorophyta,27.89
0006145,scenedesmus_denticulatus,,08,chlorophyta,45.94
0006148,scenedesmus_denticulatus_recurvatus,,08,chlorophyta,58.45
0006143,scenedesmus_dimorphus,,08,chlorophyta,29.25
0006174,scenedesmus_ecornis,,08,chlorophyta,2.65
0006180,scenedesmus_hystrix,,08,chlorophyta,7.16
0006181,scenedesmus_incrassatulus,,08,chlorophyta,69.28
bay0246,scenedesmus_irregularis,,08,chlorophyta,26.88
0006160,scenedesmus_obliquus,,08,chlorophyta,35.57
0006194,scenedesmus_opoliensis,,08,chlorophyta,52.51
0006207,scenedesmus_parisiensis,,08,chlorophyta,45.94
0006198,scenedesmus_perforatus,,08,chlorophyta,20.4
0006110,scenedesmus_quadricauda,,08,chlorophyta,11.78
0006115,scenedesmus_quadricauda_maximus,,08,chlorophyta,230.62
0009200,schizochlamys_compacta,,08,chlorophyta,43.94
0001032,schizothrix,,03,cyanobacteria,9.56
0001033,schizothrix_arenaria,,03,cyanobacteria,11.62
0001034,schizothrix_calcicola,,03,cyanobacteria,2.17
0001035,schizothrix_tenerrima,,03,cyanobacteria,14.1
0002392,schroederella_delicatula,,07,diatom,1899.14
0005656,schroederia,,08,chlorophyta,867.59
0005657,schroederia_setigera,,08,chlorophyta,62.36
0004545,scoliotropis_latestriata,,07,diatom,2670.1
bay0248,scrippsiella_favionese,cyst,12,dinoflagellates,958.13
bay0402,scrippsiella_precaria,,64,dinoflagellates,314.93
0010537,scrippsiella_trochoidea,,12,dinoflagellates,355.27
bay0249,scyphosphaera_apsteinii,,34,protozoa,335.8
0006249,selenastrum,,08,chlorophyta,44.68
0006255,selenastrum_gracile,,08,chlorophyta,45
0006256,selenastrum_minutum,,08,chlorophyta,54.21
0006258,selenastrum_westii,,08,chlorophyta,10.6
0043789,silicoflagellida,,34,protozoa,78.46
0002401,skeletonema,,07,diatom,38.3
0002402,skeletonema_costatum,,07,diatom,48.99
0002414,skeletonema_potamos,,07,diatom,27.22
0006088,sorastrum,,08,chlorophyta,75.91
0009169,sphaerocystis,,08,chlorophyta,78.46
0006996,spirogyra,,08,chlorophyta,31280.5
0007010,spirogyra_crassa,,08,chlorophyta,230847.36
0007023,spirogyra_tenuissima,,08,chlorophyta,1043.32
0001053,spirulina,,03,cyanobacteria,5.16
0001063,spirulina_laxa,,03,cyanobacteria,4.62
0001054,spirulina_major,,03,cyanobacteria,1.3
0001055,spirulina_subsalsa,,03,cyanobacteria,5.16
0008472,spondylosium_planum,,08,chlorophyta,169.1
0008474,spondylosium_pygmaeum,,08,chlorophyta,18.7
0007440,staurastrum,,08,chlorophyta,521.79
0007597,staurastrum_americanum,,08,chlorophyta,155.85
0007442,staurastrum_chaetoceros,,08,chlorophyta,42.14
bay0365,staurastrum_cingulum_floridense,,08,chlorophyta,4728.59
0007769,staurastrum_curvatum,,08,chlorophyta,190.46
0007796,staurastrum_grande,,08,chlorophyta,358.2
0007507,staurastrum_leptocladum,,08,chlorophyta,16751.6
0007510,staurastrum_leptocladum_cornutum,,08,chlorophyta,922.04
0007509,staurastrum_leptocladum_insigne,,08,chlorophyta,897.79
0007522,staurastrum_manfeldtii_fluminense,,08,chlorophyta,228.79
0007549,staurastrum_paradoxum,,08,chlorophyta,345.75
bay0254,staurastrum_paradoxum_cingulum,,08,chlorophyta,372.4
0007557,staurastrum_pentacerum,,08,chlorophyta,1640.01
0007568,staurastrum_quadricuspinatum,,08,chlorophyta,223.43
0004127,stauroneis,,07,diatom,154.8
0004136,stauroneis_amphioxys,,07,diatom,171.93
0004149,stauroneis_anceps_hyalina,,07,diatom,326
bay0255,stauroneis_oblique,,07,diatom,185.53
0004272,stauroneis_salina,,07,diatom,137.05
0610108,stellarima_microtrias,,07,diatom,352
0001088,stenopterobia_anceps,,03,cyanobacteria,5.16
0002415,stephanodiscus,,07,diatom,404.17
0002426,stephanodiscus_hantzschii,,07,diatom,51.22
0002436,stephanodiscus_subsalsus,,07,diatom,27.22
0002371,stephanopyxis,,07,diatom,1113.93
0002372,stephanopyxis_nipponica,,07,diatom,594.4
0002373,stephanopyxis_palmeriana,,07,diatom,1943.02
0002374,stephanopyxis_turris,,07,diatom,1331.7
0006671,stigeoclonium_glomerata,,08,chlorophyta,165.9587
0003178,striatella,,07,diatom,527.85
0003181,striatella_interrupta,,07,diatom,88.6
0003180,striatella_unipunctata,,07,diatom,970.15
bay0366,strombomonas_australica,,11,euglenophycota,183.3
0005331,surirella,,07,diatom,387.58
0005339,surirella_anceps,,07,diatom,432.97
bay0381,surirella_cruciata,,07,diatom,580
bay0258,surirella_crumera,,07,diatom,532.37
0005332,surirella_fastuosa,,07,diatom,803.32
0005342,surirella_gemma,,07,diatom,2184
0005348,surirella_ovalis,,07,diatom,472.18
0202440,surirella_ovata_crumera,,07,diatom,532.37
bay0259,surirella_pandura_contracta,,07,diatom,160
0005374,surirella_patella,,07,diatom,2106
0005376,surirella_patella_neupaueri,,07,diatom,80.53
0005334,surirella_recedens,,07,diatom,532.37
0005357,surirella_robusta,,07,diatom,247.63
0005338,surirella_spendida,,07,diatom,1195.927
0005398,surirella_spiralis,,07,diatom,159.3
0005364,surirella_striatula,,07,diatom,19576
0000773,synechococcus,,03,cyanobacteria,0.57
0003013,synedra,,07,diatom,501.58
0003056,synedra_acus,,07,diatom,409.72
bay0265,synedra_closterioides,,07,diatom,238.18
0003022,synedra_crystallina,,07,diatom,965.09
0003018,synedra_fasciculata,,07,diatom,193.69
0003015,synedra_fulgens,,07,diatom,361.67
0003110,synedra_gaillonii,,07,diatom,333.8
0590930,synedra_longissima,,07,diatom,351.79
0003044,synedra_provincialis,,07,diatom,344.93
0202434,synedra_robusta,,07,diatom,1321.89
0573678,synedra_superba,,07,diatom,168
0003108,synedra_toxoneides,,07,diatom,158.5
0003023,synedra_ulna,,07,diatom,513.67
0003036,synedra_ulna_longissima,,07,diatom,564.67
0003021,synedra_undulata,,07,diatom,636.06
bay0267,synedrosphenia_gomphonema,,07,diatom,1470.39
0001655,synura,,04,chrysophyta,4.3
0001657,synura_adamsii,,04,chrysophyta,325.1
0001656,synura_uvella,,04,chrysophyta,4.3
0002234,syracosphaera,,06,haptophyta,126
0002244,syracosphaera_coralla,,06,haptophyta,112.8
bay0268,syracosphaera_histrica,,06,haptophyta,192
0002238,syracosphaera_mediterranea,,06,haptophyta,206
0002239,syracosphaera_molischii,,06,haptophyta,20.8
bay0269,syracosphaera_pirus,,06,haptophyta,315.2
bay0270,syracosphaera_prolongata,,06,haptophyta,164
0002235,syracosphaera_pulchra,,06,haptophyta,892.99
0003241,tabellaria,,07,diatom,60.12
0003242,tabellaria_fenestrata,,07,diatom,212.87
0003244,tabellaria_fenestrata_asterionelloides,,07,diatom,102.9
0003247,tabellaria_flocculosa,,07,diatom,174.2
0590882,tabularia_fasciculate,,07,diatom,168
0002737,terpsinoe,,07,diatom,901.34
0003328,tetracyclus,,07,diatom,255.35
0006244,tetradesmus,,08,chlorophyta,921.18
0006245,tetradesmus_smithii,,08,chlorophyta,50.9
0005661,tetraedron,,08,chlorophyta,541.7
0005684,tetraedron_arthrodesmiforme,,08,chlorophyta,2820.85
0005691,tetraedron_caudatum,,08,chlorophyta,21.91
0005710,tetraedron_cruciatum,,08,chlorophyta,1744.83
0005717,tetraedron_gracile,,08,chlorophyta,1129.72
0005695,tetraedron_hastatum,,08,chlorophyta,201.8
0005667,tetraedron_limneticum,,08,chlorophyta,3366.7
0005674,tetraedron_lobulatum,,08,chlorophyta,237.1
0005670,tetraedron_minimum,,08,chlorophyta,33.36
0005700,tetraedron_muticum,,08,chlorophyta,126
0005701,tetraedron_pentaedricum,,08,chlorophyta,444.8
0005678,tetraedron_regulare,,08,chlorophyta,52.99
0005682,tetraedron_regulare_incus,,08,chlorophyta,335.8
0005683,tetraedron_regulare_torsum,,08,chlorophyta,1247.28
0005662,tetraedron_trigonum,,08,chlorophyta,40.19
0005664,tetraedron_trigonum_gracile,,08,chlorophyta,18.85
0005665,tetraedron_trigonum_setigerum,,08,chlorophyta,57.27
0009560,tetraselmis,,10,prasinophyta,153.96
0009561,tetraselmis_gracilis,,10,prasinophyta,47.67
0009562,tetraselmis_maculata,,10,prasinophyta,37.76
0006260,tetrastrum,,08,chlorophyta,15.99
bay0273,tetrastrum_caudatum,,08,chlorophyta,31.06
0006264,tetrastrum_glabrum,,08,chlorophyta,22.69
0006261,tetrastrum_heteracanthum,,08,chlorophyta,3.74
0006263,tetrastrum_staurogeniaeforme,,08,chlorophyta,3.31
0003138,thalassionema,,07,diatom,163.85
0003139,thalassionema_nitzschioides,,07,diatom,163.85
bay0274,thalassiophysa_hyalina,,07,diatom,41.72
0002484,thalassiosira,,07,diatom,225.81
0002484,thalassiosira,sp#1_diam_<20_microns,07,diatom,53.01
0002484,thalassiosira,sp#2_diam_>20_microns,07,diatom,264.45
0002485,thalassiosira_aestivalis,,07,diatom,480.81
0550490,thalassiosira_anguste-lineata,,07,diatom,552.76
0002504,thalassiosira_antarctica,,07,diatom,35.6
0002486,thalassiosira_baltica,,07,diatom,1018.4
0002487,thalassiosira_bioculata,,07,diatom,2238.3
0002489,thalassiosira_decipiens,,07,diatom,171.17
0002520,thalassiosira_delicatula,,07,diatom,251.82
0002503,thalassiosira_eccentrica,,07,diatom,328.88
0002490,thalassiosira_gravida,,07,diatom,316.5
0002496,thalassiosira_hyalina,,07,diatom,159.3
0002524,thalassiosira_leptopus,,07,diatom,1438.2
0002502,thalassiosira_nana,,07,diatom,21.49
0002492,thalassiosira_nordenskioeldii,,07,diatom,185.19
0002507,thalassiosira_oestrupii_venrickae,,07,diatom,328.88
0002509,thalassiosira_pseudonana,,07,diatom,16.86
0002494,thalassiosira_rotula,,07,diatom,204.22
0002495,thalassiosira_subtilis,,07,diatom,140.47
0003131,thalassiothrix,,07,diatom,1964.88
0003132,thalassiothrix_delicatula,,07,diatom,3412.05
0003133,thalassiothrix_frauenfeldii,,07,diatom,347.71
0003134,thalassiothrix_longissima,,07,diatom,2298.6
0003135,thalassiothrix_mediterranea,,07,diatom,1866.79
0009690,trachelomonas,,11,euglenophycota,270.25
0009718,trachelomonas_acanthostoma,,11,euglenophycota,445.01
bay0368,trachelomonas_armata_longa,,11,euglenophycota,4735.919
0009734,trachelomonas_bulla,,11,euglenophycota,1591
0009731,trachelomonas_charkowensis,,11,euglenophycota,396.86
bay0369,trachelomonas_globularis_boyeri,,11,euglenophycota,637.9158
0009692,trachelomonas_hispida,,11,euglenophycota,271.35
0009695,trachelomonas_hispida_coronata,,11,euglenophycota,1740.815
0009700,trachelomonas_intermedia,,11,euglenophycota,217.82
bay0370,trachelomonas_planctonica_oblonga,,11,euglenophycota,569.2752
bay0371,trachelomonas_raciborskii,,11,euglenophycota,2468.517
bay0372,trachelomonas_regulosa,,11,euglenophycota,0
bay0373,trachelomonas_scabra_longicollis,,11,euglenophycota,845.68
0180813,trachelomonas_similis,,11,euglenophycota,1143.409
0009721,trachelomonas_superba,,11,euglenophycota,1986.377
bay0374,trachelomonas_superba_duplex,,11,euglenophycota,2518.743
0009724,trachelomonas_varians,,11,euglenophycota,1119.128
0180815,trachelomonas_verrucosa,,11,euglenophycota,189.3124
0009697,trachelomonas_volvocina,,11,euglenophycota,473.9442
0009699,trachelomonas_volvocina_punctata,,11,euglenophycota,78.46
0005921,treubaria_setigerum,,08,chlorophyta,43.9
0002053,tribonema,,05,xanthophyta,79.38
0002060,tribonema_affine,,05,xanthophyta,116.6
0002059,tribonema_minus,,05,xanthophyta,71.11
0002062,tribonema_monochlorum,,11,euglenophycota,87.51
0002062,tribonema_monochlorum,,05,xanthophyta,87.51
0002739,triceratium,,07,diatom,356.47
0002742,triceratium_acutum,,07,diatom,1901.8
0002740,triceratium_favus,,07,diatom,421.58
bay0276,triceratium_formosum_pentagonal,,07,diatom,15716.8
0002743,triceratium_reticulum,,07,diatom,5829
bay0279,trinacria_regina,,04,chrysophyta,85344
0004657,tropidoneis,,07,diatom,642.39
0004658,tropidoneis_lepidoptera,,07,diatom,690.75
bay0283,tropidoneis_seriata,,07,diatom,3659
0006417,ulothrix,,08,chlorophyta,327.67
0006429,ulothrix_subtilissima,,08,chlorophyta,37.17
0002270,umbellosphaera_hulburtiana,,11,euglenophycota,435
0002269,umbellosphaera_irregularis,,06,haptophyta,224.9
0002268,umbellosphaera_tenuis,,06,haptophyta,155.1
0001483,uroglena,,04,chrysophyta,62.43
0005585,volvox_aureus,,08,chlorophyta,25.3
0005584,volvox_tertius,,08,chlorophyta,25.3
0005969,westella,,08,chlorophyta,3.15
0008313,xanthidium,,08,chlorophyta,5242
0008342,xanthidium_subhastiferum_towerii,,08,chlorophyta,1466.8
0180935,zygabikodinium_lenticulatum,,12,dinoflagellates,3684.2
0007100,zygnema,,08,chlorophyta,7149.6
