tsn,final_tsn,final_id,kingdom,subkingdom,infrakingdom,superdivision,division,subdivision,superphylum,phylum,subphylum,class,subclass,order,suborder,superfamily,family,genus,species,subspecies
0,,,,,,,,,,,,,,,,,,,,
625,625,aphanocapsa,bacteria,negibacteria,,,,,,cyanobacteria,,cyanophyceae,,chroococcales,,,chroococcaceae,aphanocapsa,,
654,654,chroococcus,bacteria,negibacteria,,,,,,cyanobacteria,,cyanophyceae,,chroococcales,,,chroococcaceae,chroococcus,,
656,656,chroococcus_limneticus,bacteria,negibacteria,,,,,,cyanobacteria,,cyanophyceae,,chroococcales,,,chroococcaceae,chroococcus,chroococcus_limneticus,
665,665,chroococcus_dispersus,bacteria,negibacteria,,,,,,cyanobacteria,,cyanophyceae,,chroococcales,,,chroococcaceae,chroococcus,chroococcus_dispersus,
667,667,chroococcus_dispersus_minor,bacteria,negibacteria,,,,,,cyanobacteria,,cyanophyceae,,chroococcales,,,chroococcaceae,chroococcus,chroococcus_dispersus,chroococcus_dispersus_minor
674,674,chroococcus_prescottii,bacteria,negibacteria,,,,,,cyanobacteria,,cyanophyceae,,chroococcales,,,chroococcaceae,chroococcus,chroococcus_prescottii,
682,682,gloeocapsa,bacteria,negibacteria,,,,,,cyanobacteria,,cyanophyceae,,chroococcales,,,chroococcaceae,gloeocapsa,,
700,700,gloeocapsa_punctata,bacteria,negibacteria,,,,,,cyanobacteria,,cyanophyceae,,chroococcales,,,chroococcaceae,gloeocapsa,gloeocapsa_punctata,
703,703,gloeothece,bacteria,negibacteria,,,,,,cyanobacteria,,cyanophyceae,,chroococcales,,,chroococcaceae,gloeothece,,
708,708,gloeothece_linearis_composita,bacteria,negibacteria,,,,,,cyanobacteria,,cyanophyceae,,chroococcales,,,chroococcaceae,gloeothece,gloeothece_linearis,gloeothece_linearis_composita
714,714,gomphosphaeria,bacteria,negibacteria,,,,,,cyanobacteria,,cyanophyceae,,chroococcales,,,chroococcaceae,gomphosphaeria,,
727,727,merismopedia,bacteria,negibacteria,,,,,,cyanobacteria,,cyanophyceae,,chroococcales,,,chroococcaceae,merismopedia,,
728,728,merismopedia_glauca,bacteria,negibacteria,,,,,,cyanobacteria,,cyanophyceae,,chroococcales,,,chroococcaceae,merismopedia,merismopedia_glauca,
732,732,merismopedia_elegans,bacteria,negibacteria,,,,,,cyanobacteria,,cyanophyceae,,chroococcales,,,chroococcaceae,merismopedia,merismopedia_elegans,
738,738,merismopedia_punctata,bacteria,negibacteria,,,,,,cyanobacteria,,cyanophyceae,,chroococcales,,,chroococcaceae,merismopedia,merismopedia_punctata,
739,739,merismopedia_tenuissima,bacteria,negibacteria,,,,,,cyanobacteria,,cyanophyceae,,chroococcales,,,chroococcaceae,merismopedia,merismopedia_tenuissima,
747,747,microcystis,bacteria,negibacteria,,,,,,cyanobacteria,,cyanophyceae,,chroococcales,,,chroococcaceae,microcystis,,
750,750,microcystis_aeruginosa,bacteria,negibacteria,,,,,,cyanobacteria,,cyanophyceae,,chroococcales,,,chroococcaceae,microcystis,microcystis_aeruginosa,
771,770,microcystis_pulverea_incerta,bacteria,negibacteria,,,,,,cyanobacteria,,cyanophyceae,,chroococcales,,,chroococcaceae,microcystis,microcystis_pulverea,microcystis_pulverea_incerta
791,791,coelosphaerium,bacteria,negibacteria,,,,,,cyanobacteria,,cyanophyceae,,chroococcales,,,chroococcaceae,coelosphaerium,,
796,796,coelosphaerium_dubium,bacteria,negibacteria,,,,,,cyanobacteria,,cyanophyceae,,chroococcales,,,chroococcaceae,coelosphaerium,coelosphaerium_dubium,
861,861,nostocales,bacteria,negibacteria,,,,,,cyanobacteria,,cyanophyceae,,nostocales,,,,,,
870,870,lyngbya,bacteria,negibacteria,,,,,,cyanobacteria,,cyanophyceae,,nostocales,,,oscillatoriaceae,lyngbya,,
882,882,lyngbya_contorta,bacteria,negibacteria,,,,,,cyanobacteria,,cyanophyceae,,nostocales,,,oscillatoriaceae,lyngbya,lyngbya_contorta,
894,894,lyngbya_limnetica,bacteria,negibacteria,,,,,,cyanobacteria,,cyanophyceae,,nostocales,,,oscillatoriaceae,lyngbya,lyngbya_limnetica,
917,917,oscillatoria,bacteria,negibacteria,,,,,,cyanobacteria,,cyanophyceae,,nostocales,,,oscillatoriaceae,oscillatoria,,
992,992,phormidium,bacteria,negibacteria,,,,,,cyanobacteria,,cyanophyceae,,nostocales,,,oscillatoriaceae,phormidium,,
1053,1053,spirulina,bacteria,negibacteria,,,,,,cyanobacteria,,cyanophyceae,,nostocales,,,oscillatoriaceae,spirulina,,
1054,1054,spirulina_major,bacteria,negibacteria,,,,,,cyanobacteria,,cyanophyceae,,nostocales,,,oscillatoriaceae,spirulina,spirulina_major,
1055,1055,spirulina_subsalsa,bacteria,negibacteria,,,,,,cyanobacteria,,cyanophyceae,,nostocales,,,oscillatoriaceae,spirulina,spirulina_subsalsa,
1063,1063,spirulina_laxa,bacteria,negibacteria,,,,,,cyanobacteria,,cyanophyceae,,nostocales,,,oscillatoriaceae,spirulina,spirulina_laxa,
1100,1100,anabaena,bacteria,negibacteria,,,,,,cyanobacteria,,cyanophyceae,,nostocales,,,nostocaceae,anabaena,,
1104,1104,anabaena_circinalis,bacteria,negibacteria,,,,,,cyanobacteria,,cyanophyceae,,nostocales,,,nostocaceae,anabaena,anabaena_circinalis,
1107,1107,anabaena_affinis,bacteria,negibacteria,,,,,,cyanobacteria,,cyanophyceae,,nostocales,,,nostocaceae,anabaena,anabaena_affinis,
1119,1119,anabaena_spiroides,bacteria,negibacteria,,,,,,cyanobacteria,,cyanophyceae,,nostocales,,,nostocaceae,anabaena,anabaena_spiroides,
1121,1121,anabaena_spiroides_crassa,bacteria,negibacteria,,,,,,cyanobacteria,,cyanophyceae,,nostocales,,,nostocaceae,anabaena,anabaena_spiroides,anabaena_spiroides_crassa
1191,1191,aphanizomenon,bacteria,negibacteria,,,,,,cyanobacteria,,cyanophyceae,,nostocales,,,nostocaceae,aphanizomenon,,
1192,1192,aphanizomenon_flosaquae,bacteria,negibacteria,,,,,,cyanobacteria,,cyanophyceae,,nostocales,,,nostocaceae,aphanizomenon,aphanizomenon_flosaquae,
1291,1291,raphidiopsis_cuvata,bacteria,negibacteria,,,,,,cyanobacteria,,cyanophyceae,,nostocales,,,rivulariaceae,raphidiopsis,raphidiopsis_cuvata,
1448,1448,chrysophyceae,chromista,chromista,,,chrysophyta,,,,,chrysophyceae,,,,,,,,
1515,1515,dinobryon,chromista,chromista,,,chrysophyta,,,,,chrysophyceae,,ochromonadales,,,dinobryaceae,dinobryon,,
1517,1517,dinobryon_sertularia,chromista,chromista,,,chrysophyta,,,,,chrysophyceae,,ochromonadales,,,dinobryaceae,dinobryon,dinobryon_sertularia,
1534,1534,dinobryon_divergens,chromista,chromista,,,chrysophyta,,,,,chrysophyceae,,ochromonadales,,,dinobryaceae,dinobryon,dinobryon_divergens,
1655,1655,synura,chromista,chromista,,,chrysophyta,,,,,chrysophyceae,,ochromonadales,,,synuraceae,synura,,
1656,1656,synura_uvella,chromista,chromista,,,chrysophyta,,,,,chrysophyceae,,ochromonadales,,,synuraceae,synura,synura_uvella,
1805,1805,dictyocha_fibula,chromista,chromista,,,chrysophyta,,,,,chrysophyceae,,dictyochales,,,dictyochaceae,dictyocha,dictyocha_fibula,
1810,615928,dictyocha_speculum,chromista,chromista,,,chrysophyta,,,,,chrysophyceae,,dictyochales,,,dictyochaceae,dictyocha,dictyocha_speculum,
1814,1814,ebria_tripartita,chromista,chromista,,,chrysophyta,,,,,chrysophyceae,,dictyochales,,,dictyochaceae,ebria,ebria_tripartita,
2014,2013,centratractus_belonophorus,chromista,chromista,,,xanthophyta,,,,,xanthophyceae,,mischococcales,,,centratractaceae,centratractus,centratractus_belonophorus,
2262,2262,rhabdosphaera,chromista,chromista,,,haptophyta,,,,,prymnesiophyceae,,coccosphaerales,,,coccolithaceae,rhabdosphaera,,
2265,2265,rhabdosphaera_hispida,chromista,chromista,,,haptophyta,,,,,prymnesiophyceae,,coccosphaerales,,,coccolithaceae,rhabdosphaera,rhabdosphaera_hispida,
2288,969922,coscinodiscophycidae,chromista,harosa,halvaria,heterokonta,ochrophyta,,,,,bacillariophyceae,coscinodiscophycidae,,,,,,,
2290,2290,melosira,chromista,harosa,halvaria,heterokonta,ochrophyta,,,,,bacillariophyceae,coscinodiscophycidae,melosirales,,,melosiraceae,melosira,,
2293,2293,melosira_moniliformis,chromista,harosa,halvaria,heterokonta,ochrophyta,,,,,bacillariophyceae,coscinodiscophycidae,melosirales,,,melosiraceae,melosira,melosira_moniliformis,
2294,2294,melosira_nummuloides,chromista,harosa,halvaria,heterokonta,ochrophyta,,,,,bacillariophyceae,coscinodiscophycidae,melosirales,,,melosiraceae,melosira,melosira_nummuloides,
2307,2307,melosira_islandica_var._helvetica,chromista,harosa,halvaria,heterokonta,ochrophyta,,,,,bacillariophyceae,coscinodiscophycidae,melosirales,,,melosiraceae,melosira,,
2339,2339,melosira_varians,chromista,harosa,halvaria,heterokonta,ochrophyta,,,,,bacillariophyceae,coscinodiscophycidae,melosirales,,,melosiraceae,melosira,melosira_varians,
2346,2346,paralia_sulcata,chromista,harosa,halvaria,heterokonta,ochrophyta,,,,,bacillariophyceae,coscinodiscophycidae,paraliales,,,paraliaceae,paralia,paralia_sulcata,
2371,2371,stephanopyxis,chromista,harosa,halvaria,heterokonta,ochrophyta,,,,,bacillariophyceae,coscinodiscophycidae,melosirales,,,stephanopyxidaceae,stephanopyxis,,
2372,2372,stephanopyxis_nipponica,chromista,harosa,halvaria,heterokonta,ochrophyta,,,,,bacillariophyceae,coscinodiscophycidae,melosirales,,,stephanopyxidaceae,stephanopyxis,stephanopyxis_nipponica,
2373,2373,stephanopyxis_palmeriana,chromista,harosa,halvaria,heterokonta,ochrophyta,,,,,bacillariophyceae,coscinodiscophycidae,melosirales,,,stephanopyxidaceae,stephanopyxis,stephanopyxis_palmeriana,
2374,2374,stephanopyxis_turris,chromista,harosa,halvaria,heterokonta,ochrophyta,,,,,bacillariophyceae,coscinodiscophycidae,melosirales,,,stephanopyxidaceae,stephanopyxis,stephanopyxis_turris,
2386,2386,corethron,chromista,harosa,halvaria,heterokonta,ochrophyta,,,,,bacillariophyceae,coscinodiscophycidae,corethrales,,,corethraceae,corethron,,
2387,2387,corethron_criophilum,chromista,harosa,halvaria,heterokonta,ochrophyta,,,,,bacillariophyceae,coscinodiscophycidae,corethrales,,,corethraceae,corethron,corethron_criophilum,
2388,2387,corethron_criophilum,chromista,harosa,halvaria,heterokonta,ochrophyta,,,,,bacillariophyceae,coscinodiscophycidae,corethrales,,,corethraceae,corethron,corethron_criophilum,
2395,2395,leptocylindrus_danicus,chromista,harosa,halvaria,heterokonta,ochrophyta,,,,,bacillariophyceae,coscinodiscophycidae,leptocylindrales,,,leptocylindraceae,leptocylindrus,leptocylindrus_danicus,
2396,2396,leptocylindrus_minimus,chromista,harosa,halvaria,heterokonta,ochrophyta,,,,,bacillariophyceae,coscinodiscophycidae,leptocylindrales,,,leptocylindraceae,leptocylindrus,leptocylindrus_minimus,
2401,2401,skeletonema,chromista,harosa,halvaria,heterokonta,ochrophyta,,,,,bacillariophyceae,coscinodiscophycidae,thalassiosirales,,,skeletonemataceae,skeletonema,,
2402,2402,skeletonema_costatum,chromista,harosa,halvaria,heterokonta,ochrophyta,,,,,bacillariophyceae,coscinodiscophycidae,thalassiosirales,,,skeletonemataceae,skeletonema,skeletonema_costatum,
2414,2414,skeletonema_potamos,chromista,harosa,halvaria,heterokonta,ochrophyta,,,,,bacillariophyceae,coscinodiscophycidae,thalassiosirales,,,skeletonemataceae,skeletonema,skeletonema_potamos,
2439,2439,cyclotella,chromista,harosa,halvaria,heterokonta,ochrophyta,,,,,bacillariophyceae,coscinodiscophycidae,thalassiosirales,,,stephanodiscaceae,cyclotella,,
2440,2440,cyclotella_caspia,chromista,harosa,halvaria,heterokonta,ochrophyta,,,,,bacillariophyceae,coscinodiscophycidae,thalassiosirales,,,stephanodiscaceae,cyclotella,cyclotella_caspia,
2453,2453,cyclotella_striata,chromista,harosa,halvaria,heterokonta,ochrophyta,,,,,bacillariophyceae,coscinodiscophycidae,thalassiosirales,,,stephanodiscaceae,cyclotella,cyclotella_striata,
2470,2470,cyclotella_glomerata,chromista,harosa,halvaria,heterokonta,ochrophyta,,,,,bacillariophyceae,coscinodiscophycidae,thalassiosirales,,,stephanodiscaceae,cyclotella,cyclotella_glomerata,
2484,2484,thalassiosira,chromista,harosa,halvaria,heterokonta,ochrophyta,,,,,bacillariophyceae,coscinodiscophycidae,thalassiosirales,,,thalassiosiraceae,thalassiosira,,
2524,2524,thalassiosira_leptopus,chromista,harosa,halvaria,heterokonta,ochrophyta,,,,,bacillariophyceae,coscinodiscophycidae,thalassiosirales,,,thalassiosiraceae,thalassiosira,thalassiosira_leptopus,
2546,2546,coscinodiscus,chromista,harosa,halvaria,heterokonta,ochrophyta,,,,,bacillariophyceae,coscinodiscophycidae,coscinodiscales,,,coscinodiscaceae,coscinodiscus,,
2620,2620,actinoptychus_senarius,chromista,harosa,halvaria,heterokonta,ochrophyta,,,,,bacillariophyceae,coscinodiscophycidae,coscinodiscales,,,heliopeltaceae,actinoptychus,actinoptychus_senarius,
2706,2706,biddulphia_biddulphiana,chromista,harosa,halvaria,heterokonta,ochrophyta,,,,,bacillariophyceae,coscinodiscophycidae,biddulphiales,,,biddulphiaceae,biddulphia,biddulphia_biddulphiana,
2733,2733,eucampia_zodiacus,chromista,harosa,halvaria,heterokonta,ochrophyta,,,,,bacillariophyceae,coscinodiscophycidae,hemiaulales,,,hemiaulaceae,eucampia,eucampia_zodiacus,
2739,2739,triceratium,chromista,harosa,halvaria,heterokonta,ochrophyta,,,,,bacillariophyceae,coscinodiscophycidae,triceratiales,,,triceratiaceae,triceratium,,
2749,2749,hemiaulus_hauckii,chromista,harosa,halvaria,heterokonta,ochrophyta,,,,,bacillariophyceae,coscinodiscophycidae,hemiaulales,,,hemiaulaceae,hemiaulus,hemiaulus_hauckii,
2753,2753,cerataulina,chromista,harosa,halvaria,heterokonta,ochrophyta,,,,,bacillariophyceae,coscinodiscophycidae,hemiaulales,,,hemiaulaceae,cerataulina,,
2755,2755,cerataulina_pelagica,chromista,harosa,halvaria,heterokonta,ochrophyta,,,,,bacillariophyceae,coscinodiscophycidae,hemiaulales,,,hemiaulaceae,cerataulina,cerataulina_pelagica,
2758,2758,chaetoceros,chromista,harosa,halvaria,heterokonta,ochrophyta,,,,,bacillariophyceae,coscinodiscophycidae,chaetocerotales,,,chaetocerotaceae,chaetoceros,,
2759,2759,chaetoceros_affinis,chromista,harosa,halvaria,heterokonta,ochrophyta,,,,,bacillariophyceae,coscinodiscophycidae,chaetocerotales,,,chaetocerotaceae,chaetoceros,chaetoceros_affinis,
2780,2780,chaetoceros_compressus,chromista,harosa,halvaria,heterokonta,ochrophyta,,,,,bacillariophyceae,coscinodiscophycidae,chaetocerotales,,,chaetocerotaceae,chaetoceros,chaetoceros_compressus,
2785,2785,chaetoceros_costatus,chromista,harosa,halvaria,heterokonta,ochrophyta,,,,,bacillariophyceae,coscinodiscophycidae,chaetocerotales,,,chaetocerotaceae,chaetoceros,chaetoceros_costatus,
2787,2787,chaetoceros_curvisetus,chromista,harosa,halvaria,heterokonta,ochrophyta,,,,,bacillariophyceae,coscinodiscophycidae,chaetocerotales,,,chaetocerotaceae,chaetoceros,chaetoceros_curvisetus,
2790,2790,chaetoceros_debilis,chromista,harosa,halvaria,heterokonta,ochrophyta,,,,,bacillariophyceae,coscinodiscophycidae,chaetocerotales,,,chaetocerotaceae,chaetoceros,chaetoceros_debilis,
2791,2791,chaetoceros_decipiens,chromista,harosa,halvaria,heterokonta,ochrophyta,,,,,bacillariophyceae,coscinodiscophycidae,chaetocerotales,,,chaetocerotaceae,chaetoceros,chaetoceros_decipiens,
2801,2801,chaetoceros_difficilis,chromista,harosa,halvaria,heterokonta,ochrophyta,,,,,bacillariophyceae,coscinodiscophycidae,chaetocerotales,,,chaetocerotaceae,chaetoceros,chaetoceros_difficilis,
2819,2819,chaetoceros_pendulus,chromista,harosa,halvaria,heterokonta,ochrophyta,,,,,bacillariophyceae,coscinodiscophycidae,chaetocerotales,,,chaetocerotaceae,chaetoceros,chaetoceros_pendulus,
2827,2827,chaetoceros_socialis,chromista,harosa,halvaria,heterokonta,ochrophyta,,,,,bacillariophyceae,coscinodiscophycidae,chaetocerotales,,,chaetocerotaceae,chaetoceros,chaetoceros_socialis,
2829,2829,chaetoceros_subtilis,chromista,harosa,halvaria,heterokonta,ochrophyta,,,,,bacillariophyceae,coscinodiscophycidae,chaetocerotales,,,chaetocerotaceae,chaetoceros,chaetoceros_subtilis,
2831,2831,chaetoceros_tetrastichon,chromista,harosa,halvaria,heterokonta,ochrophyta,,,,,bacillariophyceae,coscinodiscophycidae,chaetocerotales,,,chaetocerotaceae,chaetoceros,chaetoceros_tetrastichon,
2879,2879,rhizosolenia,chromista,harosa,halvaria,heterokonta,ochrophyta,,,,,bacillariophyceae,coscinodiscophycidae,rhizosoleniales,,,rhizosoleniaceae,rhizosolenia,,
2897,2897,rhizosolenia_imbricata,chromista,harosa,halvaria,heterokonta,ochrophyta,,,,,bacillariophyceae,coscinodiscophycidae,rhizosoleniales,,,rhizosoleniaceae,rhizosolenia,rhizosolenia_imbricata,
2902,2902,rhizosolenia_setigera,chromista,harosa,halvaria,heterokonta,ochrophyta,,,,,bacillariophyceae,coscinodiscophycidae,rhizosoleniales,,,rhizosoleniaceae,rhizosolenia,rhizosolenia_setigera,
2904,2904,rhizosolenia_styliformis,chromista,harosa,halvaria,heterokonta,ochrophyta,,,,,bacillariophyceae,coscinodiscophycidae,rhizosoleniales,,,rhizosoleniaceae,rhizosolenia,rhizosolenia_styliformis,
2922,2922,guinardia_flaccida,chromista,harosa,halvaria,heterokonta,ochrophyta,,,,,bacillariophyceae,coscinodiscophycidae,rhizosoleniales,,,rhizosoleniaceae,guinardia,guinardia_flaccida,
2928,2928,ditylum_brightwellii,chromista,harosa,halvaria,heterokonta,ochrophyta,,,,,bacillariophyceae,coscinodiscophycidae,lithodesmiales,,,lithodesmiaceae,ditylum,ditylum_brightwellii,
2930,969921,bacillariophycidae,chromista,harosa,halvaria,heterokonta,ochrophyta,,,,,bacillariophyceae,bacillariophycidae,,,,,,,
2932,2932,fragilaria,chromista,harosa,halvaria,heterokonta,ochrophyta,,,,,bacillariophyceae,fragilariophycidae,fragilariales,,,fragilariaceae,fragilaria,,
2933,2933,fragilaria_crotonensis,chromista,harosa,halvaria,heterokonta,ochrophyta,,,,,bacillariophyceae,fragilariophycidae,fragilariales,,,fragilariaceae,fragilaria,fragilaria_crotonensis,
2953,2953,fragilaria_capucina,chromista,harosa,halvaria,heterokonta,ochrophyta,,,,,bacillariophyceae,fragilariophycidae,fragilariales,,,fragilariaceae,fragilaria,fragilaria_capucina,
3013,3013,synedra,chromista,harosa,halvaria,heterokonta,ochrophyta,,,,,bacillariophyceae,fragilariophycidae,fragilariales,,,fragilariaceae,synedra,,
3120,3120,asterionella_formosa,chromista,harosa,halvaria,heterokonta,ochrophyta,,,,,bacillariophyceae,fragilariophycidae,fragilariales,,,fragilariaceae,asterionella,asterionella_formosa,
3139,3139,thalassionema_nitzschioides,chromista,harosa,halvaria,heterokonta,ochrophyta,,,,,bacillariophyceae,fragilariophycidae,thalassionematales,,,thalassionemataceae,thalassionema,thalassionema_nitzschioides,
3145,3145,rhaphoneis,chromista,harosa,halvaria,heterokonta,ochrophyta,,,,,bacillariophyceae,fragilariophycidae,rhaphoneidales,,,rhaphoneidaceae,rhaphoneis,,
3147,3147,rhaphoneis_amphiceros,chromista,harosa,halvaria,heterokonta,ochrophyta,,,,,bacillariophyceae,fragilariophycidae,rhaphoneidales,,,rhaphoneidaceae,rhaphoneis,rhaphoneis_amphiceros,
3155,3155,licmophora,chromista,harosa,halvaria,heterokonta,ochrophyta,,,,,bacillariophyceae,fragilariophycidae,licmophorales,,,licmophoraceae,licmophora,,
3178,3178,striatella,chromista,harosa,halvaria,heterokonta,ochrophyta,,,,,bacillariophyceae,fragilariophycidae,striatellales,,,striatellaceae,striatella,,
3190,3190,campylosira,chromista,harosa,halvaria,heterokonta,ochrophyta,,,,,bacillariophyceae,coscinodiscophycidae,cymatosirales,,,cymatosiraceae,campylosira,,
3191,3191,campylosira_cymbelliformis,chromista,harosa,halvaria,heterokonta,ochrophyta,,,,,bacillariophyceae,coscinodiscophycidae,cymatosirales,,,cymatosiraceae,campylosira,campylosira_cymbelliformis,
3194,3194,plagiogramma,chromista,harosa,halvaria,heterokonta,ochrophyta,,,,,bacillariophyceae,coscinodiscophycidae,triceratiales,,,plagiogrammaceae,plagiogramma,,
3197,3197,grammatophora,chromista,harosa,halvaria,heterokonta,ochrophyta,,,,,bacillariophyceae,fragilariophycidae,striatellales,,,striatellaceae,grammatophora,,
3214,3214,diatoma,chromista,harosa,halvaria,heterokonta,ochrophyta,,,,,bacillariophyceae,fragilariophycidae,fragilariales,,,fragilariaceae,diatoma,,
3241,3241,tabellaria,chromista,harosa,halvaria,heterokonta,ochrophyta,,,,,bacillariophyceae,fragilariophycidae,tabellariales,,,tabellariaceae,tabellaria,,
3270,3270,neidium_affine,chromista,harosa,halvaria,heterokonta,ochrophyta,,,,,bacillariophyceae,bacillariophycidae,naviculales,,,neidiaceae,neidium,neidium_affine,
3337,3337,eunotia,chromista,harosa,halvaria,heterokonta,ochrophyta,,,,,bacillariophyceae,bacillariophycidae,eunotiales,,,eunotiaceae,eunotia,,
3577,3577,cocconeis,chromista,harosa,halvaria,heterokonta,ochrophyta,,,,,bacillariophyceae,bacillariophycidae,achnanthales,,,cocconeidaceae,cocconeis,,
3649,3649,navicula,chromista,harosa,halvaria,heterokonta,ochrophyta,,,,,bacillariophyceae,bacillariophycidae,naviculales,,,naviculaceae,navicula,,
3806,1020046,pinnularia_elegans,chromista,harosa,halvaria,heterokonta,ochrophyta,,,,,bacillariophyceae,bacillariophycidae,naviculales,,,pinnulariaceae,pinnularia,pinnularia_elegans,
4127,4127,stauroneis,chromista,harosa,halvaria,heterokonta,ochrophyta,,,,,bacillariophyceae,bacillariophycidae,naviculales,,,stauroneidaceae,stauroneis,,
4325,4325,diploneis,chromista,harosa,halvaria,heterokonta,ochrophyta,,,,,bacillariophyceae,bacillariophycidae,naviculales,,,diploneidaceae,diploneis,,
4408,4408,caloneis_lewisii,chromista,harosa,halvaria,heterokonta,ochrophyta,,,,,bacillariophyceae,bacillariophycidae,naviculales,,,pinnulariaceae,caloneis,caloneis_lewisii,
4428,4428,pinnularia,chromista,harosa,halvaria,heterokonta,ochrophyta,,,,,bacillariophyceae,bacillariophycidae,naviculales,,,pinnulariaceae,pinnularia,,
4592,4592,pleurosigma,chromista,harosa,halvaria,heterokonta,ochrophyta,,,,,bacillariophyceae,bacillariophycidae,naviculales,,,pleurosigmataceae,pleurosigma,,
4593,4593,pleurosigma_angulatum,chromista,harosa,halvaria,heterokonta,ochrophyta,,,,,bacillariophyceae,bacillariophycidae,naviculales,,,pleurosigmataceae,pleurosigma,pleurosigma_angulatum,
4594,4594,pleurosigma_elongatum,chromista,harosa,halvaria,heterokonta,ochrophyta,,,,,bacillariophyceae,bacillariophycidae,naviculales,,,pleurosigmataceae,pleurosigma,pleurosigma_elongatum,
4622,4622,gyrosigma,chromista,harosa,halvaria,heterokonta,ochrophyta,,,,,bacillariophyceae,bacillariophycidae,naviculales,,,pleurosigmataceae,gyrosigma,,
4624,4624,gyrosigma_fasciola,chromista,harosa,halvaria,heterokonta,ochrophyta,,,,,bacillariophyceae,bacillariophycidae,naviculales,,,pleurosigmataceae,gyrosigma,gyrosigma_fasciola,
4674,4674,amphiprora,chromista,harosa,halvaria,heterokonta,ochrophyta,,,,,bacillariophyceae,bacillariophycidae,naviculales,,,naviculaceae,amphiprora,,
4705,4705,amphora,chromista,harosa,halvaria,heterokonta,ochrophyta,,,,,bacillariophyceae,bacillariophycidae,thalassiophysales,,,catenulaceae,amphora,,
4728,4728,amphora_proteus,chromista,harosa,halvaria,heterokonta,ochrophyta,,,,,bacillariophyceae,bacillariophycidae,thalassiophysales,,,catenulaceae,amphora,amphora_proteus,
4737,4737,amphora_proteoides,chromista,harosa,halvaria,heterokonta,ochrophyta,,,,,bacillariophyceae,bacillariophycidae,thalassiophysales,,,catenulaceae,amphora,amphora_proteoides,
4795,4795,cymbella,chromista,harosa,halvaria,heterokonta,ochrophyta,,,,,bacillariophyceae,bacillariophycidae,cymbellales,,,cymbellaceae,cymbella,,
4911,4911,gomphonema,chromista,harosa,halvaria,heterokonta,ochrophyta,,,,,bacillariophyceae,bacillariophycidae,cymbellales,,,gomphonemataceae,gomphonema,,
5005,5005,epithemia,chromista,harosa,halvaria,heterokonta,ochrophyta,,,,,bacillariophyceae,bacillariophycidae,rhopalodiales,,,rhopalodiaceae,epithemia,,
5070,5070,nitzschia,chromista,harosa,halvaria,heterokonta,ochrophyta,,,,,bacillariophyceae,bacillariophycidae,bacillariales,,,bacillariaceae,nitzschia,,
5118,5118,nitzschia_sigma,chromista,harosa,halvaria,heterokonta,ochrophyta,,,,,bacillariophyceae,bacillariophycidae,bacillariales,,,bacillariaceae,nitzschia,nitzschia_sigma,
5175,5175,nitzschia_spathulata,chromista,harosa,halvaria,heterokonta,ochrophyta,,,,,bacillariophyceae,bacillariophycidae,bacillariales,,,bacillariaceae,nitzschia,nitzschia_spathulata,
5301,5301,bacillaria_paxillifer,chromista,harosa,halvaria,heterokonta,ochrophyta,,,,,bacillariophyceae,bacillariophycidae,bacillariales,,,bacillariaceae,bacillaria,bacillaria_paxillifer,
5303,5303,hantzschia,chromista,harosa,halvaria,heterokonta,ochrophyta,,,,,bacillariophyceae,bacillariophycidae,bacillariales,,,bacillariaceae,hantzschia,,
5318,5318,cylindrotheca_closterium,chromista,harosa,halvaria,heterokonta,ochrophyta,,,,,bacillariophyceae,bacillariophycidae,bacillariales,,,bacillariaceae,cylindrotheca,cylindrotheca_closterium,
5331,5331,surirella,chromista,harosa,halvaria,heterokonta,ochrophyta,,,,,bacillariophyceae,bacillariophycidae,surirellales,,,surirellaceae,surirella,,
5415,5415,chlorophyceae,plantae,viridiplantae,chlorophyta,,chlorophyta,chlorophytina,,,,chlorophyceae,,,,,,,,
5448,5448,chlamydomonas,plantae,viridiplantae,chlorophyta,,chlorophyta,chlorophytina,,,,chlorophyceae,,chlamydomonadales,,,chlamydomonadaceae,chlamydomonas,,
5578,5578,pandorina,plantae,viridiplantae,chlorophyta,,chlorophyta,chlorophytina,,,,chlorophyceae,,chlamydomonadales,,,volvocaceae,pandorina,,
5580,5580,pandorina_morum,plantae,viridiplantae,chlorophyta,,chlorophyta,chlorophytina,,,,chlorophyceae,,chlamydomonadales,,,volvocaceae,pandorina,pandorina_morum,
5656,5656,schroederia,plantae,viridiplantae,chlorophyta,,chlorophyta,chlorophytina,,,,chlorophyceae,,chlamydomonadales,,,chlorococcaceae,schroederia,,
5657,5657,schroederia_setigera,plantae,viridiplantae,chlorophyta,,chlorophyta,chlorophytina,,,,chlorophyceae,,chlamydomonadales,,,chlorococcaceae,schroederia,schroederia_setigera,
5661,5661,tetraedron,plantae,viridiplantae,chlorophyta,,chlorophyta,chlorophytina,,,,chlorophyceae,,chlamydomonadales,,,chlorococcaceae,tetraedron,,
5662,5662,tetraedron_trigonum,plantae,viridiplantae,chlorophyta,,chlorophyta,chlorophytina,,,,chlorophyceae,,chlamydomonadales,,,chlorococcaceae,tetraedron,tetraedron_trigonum,
5667,5667,tetraedron_limneticum,plantae,viridiplantae,chlorophyta,,chlorophyta,chlorophytina,,,,chlorophyceae,,chlamydomonadales,,,chlorococcaceae,tetraedron,tetraedron_limneticum,
5678,5678,tetraedron_regulare,plantae,viridiplantae,chlorophyta,,chlorophyta,chlorophytina,,,,chlorophyceae,,chlamydomonadales,,,chlorococcaceae,tetraedron,tetraedron_regulare,
5695,5695,tetraedron_hastatum,plantae,viridiplantae,chlorophyta,,chlorophyta,chlorophytina,,,,chlorophyceae,,chlamydomonadales,,,chlorococcaceae,tetraedron,tetraedron_hastatum,
5700,5700,tetraedron_muticum,plantae,viridiplantae,chlorophyta,,chlorophyta,chlorophytina,,,,chlorophyceae,,chlamydomonadales,,,chlorococcaceae,tetraedron,tetraedron_muticum,
5717,5717,tetraedron_gracile,plantae,viridiplantae,chlorophyta,,chlorophyta,chlorophytina,,,,chlorophyceae,,chlamydomonadales,,,chlorococcaceae,tetraedron,tetraedron_gracile,
5756,5756,characium,plantae,viridiplantae,chlorophyta,,chlorophyta,chlorophytina,,,,chlorophyceae,,sphaeropleales,,,characiaceae,characium,,
5760,5760,characium_limneticum,plantae,viridiplantae,chlorophyta,,chlorophyta,chlorophytina,,,,chlorophyceae,,sphaeropleales,,,characiaceae,characium,characium_limneticum,
5811,5811,chlorella,plantae,viridiplantae,chlorophyta,,chlorophyta,chlorophytina,,,,trebouxiophyceae,,chlorellales,,,oocystaceae,chlorella,,
5827,5827,oocystis,plantae,viridiplantae,chlorophyta,,chlorophyta,chlorophytina,,,,trebouxiophyceae,,chlorellales,,,oocystaceae,oocystis,,
5833,5833,oocystis_borgei,plantae,viridiplantae,chlorophyta,,chlorophyta,chlorophytina,,,,trebouxiophyceae,,chlorellales,,,oocystaceae,oocystis,oocystis_borgei,
5834,5834,oocystis_elliptica,plantae,viridiplantae,chlorophyta,,chlorophyta,chlorophytina,,,,trebouxiophyceae,,chlorellales,,,oocystaceae,oocystis,oocystis_elliptica,
5845,5845,oocystis_pusilla,plantae,viridiplantae,chlorophyta,,chlorophyta,chlorophytina,,,,trebouxiophyceae,,chlorellales,,,oocystaceae,oocystis,oocystis_pusilla,
5858,5858,oocystis_pyriformis,plantae,viridiplantae,chlorophyta,,chlorophyta,chlorophytina,,,,trebouxiophyceae,,chlorellales,,,oocystaceae,oocystis,oocystis_pyriformis,
5877,5877,ankistrodesmus,plantae,viridiplantae,chlorophyta,,chlorophyta,chlorophytina,,,,chlorophyceae,,sphaeropleales,,,selenastraceae,ankistrodesmus,,
5878,5878,ankistrodesmus_falcatus,plantae,viridiplantae,chlorophyta,,chlorophyta,chlorophytina,,,,chlorophyceae,,sphaeropleales,,,selenastraceae,ankistrodesmus,ankistrodesmus_falcatus,
5882,5882,ankistrodesmus_falcatus_var._mirabilis,plantae,viridiplantae,chlorophyta,,chlorophyta,chlorophytina,,,,chlorophyceae,,sphaeropleales,,,selenastraceae,ankistrodesmus,ankistrodesmus_falcatus,
5890,5889,ankistrodesmus_spiralis,plantae,viridiplantae,chlorophyta,,chlorophyta,chlorophytina,,,,chlorophyceae,,sphaeropleales,,,selenastraceae,ankistrodesmus,ankistrodesmus_spiralis,
5895,5895,kirchneriella,plantae,viridiplantae,chlorophyta,,chlorophyta,chlorophytina,,,,chlorophyceae,,sphaeropleales,,,selenastraceae,kirchneriella,,
5896,5896,kirchneriella_lunaris,plantae,viridiplantae,chlorophyta,,chlorophyta,chlorophytina,,,,chlorophyceae,,sphaeropleales,,,selenastraceae,kirchneriella,kirchneriella_lunaris,
5904,5904,kirchneriella_obesa_var._major,plantae,viridiplantae,chlorophyta,,chlorophyta,chlorophytina,,,,chlorophyceae,,sphaeropleales,,,selenastraceae,kirchneriella,kirchneriella_obesa,
5927,5927,closteriopsis_longissima,plantae,viridiplantae,chlorophyta,,chlorophyta,chlorophytina,,,,trebouxiophyceae,,chlorellales,,,oocystaceae,closteriopsis,closteriopsis_longissima,
5939,5939,quadrigula_closteroides,plantae,viridiplantae,chlorophyta,,chlorophyta,chlorophytina,,,,chlorophyceae,,sphaeropleales,,,selenastraceae,quadrigula,quadrigula_closteroides,
5941,5941,quadrigula_lacustris,plantae,viridiplantae,chlorophyta,,chlorophyta,chlorophytina,,,,chlorophyceae,,sphaeropleales,,,selenastraceae,quadrigula,quadrigula_lacustris,
5958,5958,franceia,plantae,viridiplantae,chlorophyta,,chlorophyta,chlorophytina,,,,trebouxiophyceae,,chlorellales,,,oocystaceae,franceia,,
6022,6021,lagerheimiella_longiseta,plantae,viridiplantae,chlorophyta,,chlorophyta,chlorophytina,,,,trebouxiophyceae,,chlorellales,,,oocystaceae,lagerheimiella,lagerheimiella_longiseta,
6031,6031,pediastrum,plantae,viridiplantae,chlorophyta,,chlorophyta,chlorophytina,,,,chlorophyceae,,sphaeropleales,,,hydrodictyaceae,pediastrum,,
6032,6032,pediastrum_boryanum,plantae,viridiplantae,chlorophyta,,chlorophyta,chlorophytina,,,,chlorophyceae,,sphaeropleales,,,hydrodictyaceae,pediastrum,pediastrum_boryanum,
6036,6036,pediastrum_duplex,plantae,viridiplantae,chlorophyta,,chlorophyta,chlorophytina,,,,chlorophyceae,,sphaeropleales,,,hydrodictyaceae,pediastrum,pediastrum_duplex,
6041,6041,pediastrum_duplex_var._gracillimum,plantae,viridiplantae,chlorophyta,,chlorophyta,chlorophytina,,,,chlorophyceae,,sphaeropleales,,,hydrodictyaceae,pediastrum,pediastrum_duplex,
6045,6045,pediastrum_simplex,plantae,viridiplantae,chlorophyta,,chlorophyta,chlorophytina,,,,chlorophyceae,,sphaeropleales,,,hydrodictyaceae,pediastrum,pediastrum_simplex,
6046,6046,pediastrum_simplex_var._duodenarium,plantae,viridiplantae,chlorophyta,,chlorophyta,chlorophytina,,,,chlorophyceae,,sphaeropleales,,,hydrodictyaceae,pediastrum,pediastrum_simplex,
6050,6050,pediastrum_biradiatum,plantae,viridiplantae,chlorophyta,,chlorophyta,chlorophytina,,,,chlorophyceae,,sphaeropleales,,,hydrodictyaceae,pediastrum,pediastrum_biradiatum,
6053,6053,pediastrum_tetras,plantae,viridiplantae,chlorophyta,,chlorophyta,chlorophytina,,,,chlorophyceae,,sphaeropleales,,,hydrodictyaceae,pediastrum,pediastrum_tetras,
6065,6065,pediastrum_obtusum,plantae,viridiplantae,chlorophyta,,chlorophyta,chlorophytina,,,,chlorophyceae,,sphaeropleales,,,hydrodictyaceae,pediastrum,pediastrum_obtusum,
6099,6099,actinastrum_hantzschii,plantae,viridiplantae,chlorophyta,,chlorophyta,chlorophytina,,,,chlorophyceae,,sphaeropleales,,,scenedesmaceae,actinastrum,actinastrum_hantzschii,
6100,6100,actinastrum_hantzschii_var._fluviatile,plantae,viridiplantae,chlorophyta,,chlorophyta,chlorophytina,,,,chlorophyceae,,sphaeropleales,,,scenedesmaceae,actinastrum,actinastrum_hantzschii,
6104,6104,scenedesmus,plantae,viridiplantae,chlorophyta,,chlorophyta,chlorophytina,,,,chlorophyceae,,sphaeropleales,,,scenedesmaceae,scenedesmus,,
6105,6105,scenedesmus_acuminatus,plantae,viridiplantae,chlorophyta,,chlorophyta,chlorophytina,,,,chlorophyceae,,sphaeropleales,,,scenedesmaceae,scenedesmus,scenedesmus_acuminatus,
6110,6110,scenedesmus_quadricauda,plantae,viridiplantae,chlorophyta,,chlorophyta,chlorophytina,,,,chlorophyceae,,sphaeropleales,,,scenedesmaceae,scenedesmus,scenedesmus_quadricauda,
6127,6127,scenedesmus_bijuga,plantae,viridiplantae,chlorophyta,,chlorophyta,chlorophytina,,,,chlorophyceae,,sphaeropleales,,,scenedesmaceae,scenedesmus,scenedesmus_bijuga,
6128,6128,scenedesmus_bijuga_var._alternans,plantae,viridiplantae,chlorophyta,,chlorophyta,chlorophytina,,,,chlorophyceae,,sphaeropleales,,,scenedesmaceae,scenedesmus,scenedesmus_bijuga,
6133,6133,scenedesmus_abundans,plantae,viridiplantae,chlorophyta,,chlorophyta,chlorophytina,,,,chlorophyceae,,sphaeropleales,,,scenedesmaceae,scenedesmus,scenedesmus_abundans,
6139,6139,scenedesmus_arcuatus,plantae,viridiplantae,chlorophyta,,chlorophyta,chlorophytina,,,,chlorophyceae,,sphaeropleales,,,scenedesmaceae,scenedesmus,scenedesmus_arcuatus,
6143,6143,scenedesmus_dimorphus,plantae,viridiplantae,chlorophyta,,chlorophyta,chlorophytina,,,,chlorophyceae,,sphaeropleales,,,scenedesmaceae,scenedesmus,scenedesmus_dimorphus,
6145,6145,scenedesmus_denticulatus,plantae,viridiplantae,chlorophyta,,chlorophyta,chlorophytina,,,,chlorophyceae,,sphaeropleales,,,scenedesmaceae,scenedesmus,scenedesmus_denticulatus,
6160,6159,scenedesmus_acutus_var._acutus,plantae,viridiplantae,chlorophyta,,chlorophyta,chlorophytina,,,,chlorophyceae,,sphaeropleales,,,scenedesmaceae,scenedesmus,scenedesmus_acutus,
6161,6161,scenedesmus_bernardii,plantae,viridiplantae,chlorophyta,,chlorophyta,chlorophytina,,,,chlorophyceae,,sphaeropleales,,,scenedesmaceae,scenedesmus,scenedesmus_bernardii,
6181,6181,scenedesmus_incrassatulus,plantae,viridiplantae,chlorophyta,,chlorophyta,chlorophytina,,,,chlorophyceae,,sphaeropleales,,,scenedesmaceae,scenedesmus,scenedesmus_incrassatulus,
6225,6225,crucigenia,plantae,viridiplantae,chlorophyta,,chlorophyta,chlorophytina,,,,chlorophyceae,,sphaeropleales,,,scenedesmaceae,crucigenia,,
6226,6226,crucigenia_tetrapedia,plantae,viridiplantae,chlorophyta,,chlorophyta,chlorophytina,,,,chlorophyceae,,sphaeropleales,,,scenedesmaceae,crucigenia,crucigenia_tetrapedia,
6227,6227,crucigenia_crucifera,plantae,viridiplantae,chlorophyta,,chlorophyta,chlorophytina,,,,chlorophyceae,,sphaeropleales,,,scenedesmaceae,crucigenia,crucigenia_crucifera,
6228,6228,crucigenia_fenestrata,plantae,viridiplantae,chlorophyta,,chlorophyta,chlorophytina,,,,chlorophyceae,,sphaeropleales,,,scenedesmaceae,crucigenia,crucigenia_fenestrata,
6230,6230,crucigenia_apiculata,plantae,viridiplantae,chlorophyta,,chlorophyta,chlorophytina,,,,chlorophyceae,,sphaeropleales,,,scenedesmaceae,crucigenia,crucigenia_apiculata,
6235,6235,crucigenia_quadrata,plantae,viridiplantae,chlorophyta,,chlorophyta,chlorophytina,,,,chlorophyceae,,sphaeropleales,,,scenedesmaceae,crucigenia,crucigenia_quadrata,
6236,6236,crucigenia_retangularis,plantae,viridiplantae,chlorophyta,,chlorophyta,chlorophytina,,,,chlorophyceae,,sphaeropleales,,,scenedesmaceae,crucigenia,crucigenia_retangularis,
6239,6238,crucigenia_retangularis_var._irregularis,plantae,viridiplantae,chlorophyta,,chlorophyta,chlorophytina,,,,chlorophyceae,,sphaeropleales,,,scenedesmaceae,crucigenia,crucigenia_retangularis,
6240,6240,crucigenia_truncata,plantae,viridiplantae,chlorophyta,,chlorophyta,chlorophytina,,,,chlorophyceae,,sphaeropleales,,,scenedesmaceae,crucigenia,crucigenia_truncata,
6245,6245,tetradesmus_smithii,plantae,viridiplantae,chlorophyta,,chlorophyta,chlorophytina,,,,chlorophyceae,,sphaeropleales,,,scenedesmaceae,tetradesmus,tetradesmus_smithii,
6249,6249,selenastrum,plantae,viridiplantae,chlorophyta,,chlorophyta,chlorophytina,,,,chlorophyceae,,sphaeropleales,,,selenastraceae,selenastrum,,
6255,6254,selenastrum_bibraianum_var._gracile,plantae,viridiplantae,chlorophyta,,chlorophyta,chlorophytina,,,,chlorophyceae,,sphaeropleales,,,selenastraceae,selenastrum,selenastrum_bibraianum,
6258,6258,selenastrum_westii,plantae,viridiplantae,chlorophyta,,chlorophyta,chlorophytina,,,,chlorophyceae,,sphaeropleales,,,selenastraceae,selenastrum,selenastrum_westii,
6260,6260,tetrastrum,plantae,viridiplantae,chlorophyta,,chlorophyta,chlorophytina,,,,chlorophyceae,,sphaeropleales,,,scenedesmaceae,tetrastrum,,
6273,6273,coelastrum,plantae,viridiplantae,chlorophyta,,chlorophyta,chlorophytina,,,,chlorophyceae,,sphaeropleales,,,scenedesmaceae,coelastrum,,
6279,6279,coelastrum_microporum,plantae,viridiplantae,chlorophyta,,chlorophyta,chlorophytina,,,,chlorophyceae,,sphaeropleales,,,scenedesmaceae,coelastrum,coelastrum_microporum,
6298,6298,dictyosphaerium_pulchellum,plantae,viridiplantae,chlorophyta,,chlorophyta,chlorophytina,,,,chlorophyceae,,chlamydomonadales,,,dictyosphaeriaceae,dictyosphaerium,dictyosphaerium_pulchellum,
6321,6321,micractinium,plantae,viridiplantae,chlorophyta,,chlorophyta,chlorophytina,,,,chlorophyceae,,chlamydomonadales,,,micractiniaceae,micractinium,,
6322,6322,micractinium_pusillum,plantae,viridiplantae,chlorophyta,,chlorophyta,chlorophytina,,,,chlorophyceae,,chlamydomonadales,,,micractiniaceae,micractinium,micractinium_pusillum,
6417,6417,ulothrix,plantae,viridiplantae,chlorophyta,,chlorophyta,chlorophytina,,,,ulvophyceae,,ulotrichales,,,ulotrichaceae,ulothrix,,
6446,6446,dactylococcopsis,plantae,viridiplantae,chlorophyta,,chlorophyta,chlorophytina,,,,ulvophyceae,,ulotrichales,,,ulotrichaceae,dactylococcopsis,,
6451,6451,dactylococcopsis_rhaphidioides,plantae,viridiplantae,chlorophyta,,chlorophyta,chlorophytina,,,,ulvophyceae,,ulotrichales,,,ulotrichaceae,dactylococcopsis,dactylococcopsis_rhaphidioides,
6763,6763,cladophora,plantae,viridiplantae,chlorophyta,,chlorophyta,chlorophytina,,,,ulvophyceae,,cladophorales,,,cladophoraceae,cladophora,,
6996,6996,spirogyra,plantae,viridiplantae,streptophyta,charophyta,charophyta,,,,,conjugatophyceae,,zygnematales,,,zygnemataceae,spirogyra,,
7256,7256,desmidiaceae,plantae,viridiplantae,streptophyta,charophyta,charophyta,,,,,conjugatophyceae,,desmidiales,,,desmidiaceae,,,
7257,7257,closterium,plantae,viridiplantae,streptophyta,charophyta,charophyta,,,,,conjugatophyceae,,desmidiales,,,closteriaceae,closterium,,
7378,7378,closterium_pronum,plantae,viridiplantae,streptophyta,charophyta,charophyta,,,,,conjugatophyceae,,desmidiales,,,closteriaceae,closterium,closterium_pronum,
7440,7440,staurastrum,plantae,viridiplantae,streptophyta,charophyta,charophyta,,,,,conjugatophyceae,,desmidiales,,,desmidiaceae,staurastrum,,
7507,7507,staurastrum_leptocladum,plantae,viridiplantae,streptophyta,charophyta,charophyta,,,,,conjugatophyceae,,desmidiales,,,desmidiaceae,staurastrum,staurastrum_leptocladum,
7519,7519,staurastrum_manfeldtii,plantae,viridiplantae,streptophyta,charophyta,charophyta,,,,,conjugatophyceae,,desmidiales,,,desmidiaceae,staurastrum,staurastrum_manfeldtii,
7597,7597,staurastrum_americanum,plantae,viridiplantae,streptophyta,charophyta,charophyta,,,,,conjugatophyceae,,desmidiales,,,desmidiaceae,staurastrum,staurastrum_americanum,
7848,7848,cosmarium,plantae,viridiplantae,streptophyta,charophyta,charophyta,,,,,conjugatophyceae,,desmidiales,,,desmidiaceae,cosmarium,,
8276,8276,arthrodesmus,plantae,viridiplantae,streptophyta,charophyta,charophyta,,,,,conjugatophyceae,,desmidiales,,,desmidiaceae,arthrodesmus,,
8313,8313,xanthidium,plantae,viridiplantae,streptophyta,charophyta,charophyta,,,,,conjugatophyceae,,desmidiales,,,desmidiaceae,xanthidium,,
8525,8525,euastrum,plantae,viridiplantae,streptophyta,charophyta,charophyta,,,,,conjugatophyceae,,desmidiales,,,desmidiaceae,euastrum,,
8527,8527,euastrum_abruptum,plantae,viridiplantae,streptophyta,charophyta,charophyta,,,,,conjugatophyceae,,desmidiales,,,desmidiaceae,euastrum,euastrum_abruptum,
8692,8692,euastrum_ciastonii,plantae,viridiplantae,streptophyta,charophyta,charophyta,,,,,conjugatophyceae,,desmidiales,,,desmidiaceae,euastrum,euastrum_ciastonii,
8844,8844,desmidium,plantae,viridiplantae,streptophyta,charophyta,charophyta,,,,,conjugatophyceae,,desmidiales,,,desmidiaceae,desmidium,,
9176,9176,palmodictyon_varium,plantae,viridiplantae,chlorophyta,,chlorophyta,chlorophytina,,,,chlorophyceae,,chlamydomonadales,,,palmellopsidaceae,palmodictyon,palmodictyon_varium,
9413,9413,elakatothrix_gelatinosa,plantae,viridiplantae,streptophyta,charophyta,charophyta,,,,,klebsormidiophyceae,,klebsormidiales,,,elakatotrichaceae,elakatothrix,elakatothrix_gelatinosa,
9535,9535,pyramimonas,plantae,viridiplantae,chlorophyta,,chlorophyta,prasinophytina,,,,pyramimonadophyceae,,pyramimonadales,,,pyramimonadaceae,pyramimonas,,
9541,9541,pyramimonas_plurioculata,plantae,viridiplantae,chlorophyta,,chlorophyta,prasinophytina,,,,pyramimonadophyceae,,pyramimonadales,,,pyramimonadaceae,pyramimonas,pyramimonas_plurioculata,
9601,9601,euglenophycota,protozoa,,,,,,,euglenophycota,,,,,,,,,,
9620,9620,euglena,protozoa,,,,,,,euglenophycota,,euglenophyceae,,euglenales,,,euglenaceae,euglena,,
9758,9758,lepocinclis,protozoa,,,,,,,euglenophycota,,euglenophyceae,,euglenales,,,euglenaceae,lepocinclis,,
9766,9766,phacus,protozoa,,,,,,,euglenophycota,,euglenophyceae,,euglenales,,,euglenaceae,phacus,,
9873,9873,pyrrophycophyta,chromista,chromista,,,pyrrophycophyta,,,,,,,,,,,,,
9877,9877,prorocentrum,chromista,chromista,,,pyrrophycophyta,,,,,dinophyceae,,prorocentrales,,,prorocentraceae,prorocentrum,,
9879,9879,prorocentrum_micans,chromista,chromista,,,pyrrophycophyta,,,,,dinophyceae,,prorocentrales,,,prorocentraceae,prorocentrum,prorocentrum_micans,
9880,9880,prorocentrum_minimum,chromista,chromista,,,pyrrophycophyta,,,,,dinophyceae,,prorocentrales,,,prorocentraceae,prorocentrum,prorocentrum_minimum,
9881,9881,prorocentrum_triestinum,chromista,chromista,,,pyrrophycophyta,,,,,dinophyceae,,prorocentrales,,,prorocentraceae,prorocentrum,prorocentrum_triestinum,
9886,9886,prorocentrum_aporum,chromista,chromista,,,pyrrophycophyta,,,,,dinophyceae,,prorocentrales,,,prorocentraceae,prorocentrum,prorocentrum_aporum,
9890,9890,prorocentrum_compressum,chromista,chromista,,,pyrrophycophyta,,,,,dinophyceae,,prorocentrales,,,prorocentraceae,prorocentrum,prorocentrum_compressum,
9901,9901,prorocentrum_gracile,chromista,chromista,,,pyrrophycophyta,,,,,dinophyceae,,prorocentrales,,,prorocentraceae,prorocentrum,prorocentrum_gracile,
9904,9904,prorocentrum_dentatum,chromista,chromista,,,pyrrophycophyta,,,,,dinophyceae,,prorocentrales,,,prorocentraceae,prorocentrum,prorocentrum_dentatum,
9928,9928,dinophysis,chromista,chromista,,,pyrrophycophyta,,,,,dinophyceae,,dinophysiales,,,dinophysiaceae,dinophysis,,
9930,9930,dinophysis_acuta,chromista,chromista,,,pyrrophycophyta,,,,,dinophyceae,,dinophysiales,,,dinophysiaceae,dinophysis,dinophysis_acuta,
9936,9936,dinophysis_ovum,chromista,chromista,,,pyrrophycophyta,,,,,dinophyceae,,dinophysiales,,,dinophysiaceae,dinophysis,dinophysis_ovum,
9938,9938,dinophysis_acuminata,chromista,chromista,,,pyrrophycophyta,,,,,dinophyceae,,dinophysiales,,,dinophysiaceae,dinophysis,dinophysis_acuminata,
9951,9951,dinophysis_punctata,chromista,chromista,,,pyrrophycophyta,,,,,dinophyceae,,dinophysiales,,,dinophysiaceae,dinophysis,dinophysis_punctata,
9988,9988,ornithocercus_magnificus,chromista,chromista,,,pyrrophycophyta,,,,,dinophyceae,,dinophysiales,,,dinophysiaceae,ornithocercus,ornithocercus_magnificus,
9997,9997,amphidinium,chromista,chromista,,,pyrrophycophyta,,,,,dinophyceae,,gymnodiniales,,,gymnodiniaceae,amphidinium,,
10006,10006,amphidinium_sphenoides,chromista,chromista,,,pyrrophycophyta,,,,,dinophyceae,,gymnodiniales,,,gymnodiniaceae,amphidinium,amphidinium_sphenoides,
10023,10023,cochlodinium_heterolobatum,chromista,chromista,,,pyrrophycophyta,,,,,dinophyceae,,gymnodiniales,,,gymnodiniaceae,cochlodinium,cochlodinium_heterolobatum,
10031,10031,gymnodinium,chromista,chromista,,,pyrrophycophyta,,,,,dinophyceae,,gymnodiniales,,,gymnodiniaceae,gymnodinium,,
10037,10037,gymnodinium_splendens,chromista,chromista,,,pyrrophycophyta,,,,,dinophyceae,,gymnodiniales,,,gymnodiniaceae,gymnodinium,gymnodinium_splendens,
10077,10077,gyrodinium,chromista,chromista,,,pyrrophycophyta,,,,,dinophyceae,,gymnodiniales,,,gymnodiniaceae,gyrodinium,,
10086,10086,gyrodinium_spirale,chromista,chromista,,,pyrrophycophyta,,,,,dinophyceae,,gymnodiniales,,,gymnodiniaceae,gyrodinium,gyrodinium_spirale,
10088,10088,gyrodinium_fusiforme,chromista,chromista,,,pyrrophycophyta,,,,,dinophyceae,,gymnodiniales,,,gymnodiniaceae,gyrodinium,gyrodinium_fusiforme,
10104,10104,katodinium,chromista,chromista,,,pyrrophycophyta,,,,,dinophyceae,,gymnodiniales,,,gymnodiniaceae,katodinium,,
10106,10106,katodinium_rotundatum,chromista,chromista,,,pyrrophycophyta,,,,,dinophyceae,,gymnodiniales,,,gymnodiniaceae,katodinium,katodinium_rotundatum,
10140,10140,polykrikos_kofoidi,chromista,chromista,,,pyrrophycophyta,,,,,dinophyceae,,peridiniales,,,polykrikaceae,polykrikos,polykrikos_kofoidi,
10146,10146,oxyrrhis_marina,chromista,chromista,,,pyrrophycophyta,,,,,dinophyceae,,peridiniales,,,pronoctilucaceae,oxyrrhis,oxyrrhis_marina,
10171,10171,diplopsalis_lenticula,chromista,chromista,,,pyrrophycophyta,,,,,dinophyceae,,peridiniales,,,kolkwitziellaceae,diplopsalis,diplopsalis_lenticula,
10176,10176,glenodinium_danicum,chromista,chromista,,,pyrrophycophyta,,,,,dinophyceae,,peridiniales,,,glenodiniaceae,glenodinium,glenodinium_danicum,
10207,10207,heterocapsa_triquetra,chromista,chromista,,,pyrrophycophyta,,,,,dinophyceae,,peridiniales,,,peridiniaceae,heterocapsa,heterocapsa_triquetra,
10210,10209,minuscula_bipes,chromista,chromista,,,pyrrophycophyta,,,,,dinophyceae,,peridiniales,,,peridiniaceae,minuscula,minuscula_bipes,
10212,10212,peridinium,chromista,chromista,,,pyrrophycophyta,,,,,dinophyceae,,peridiniales,,,peridiniaceae,peridinium,,
10215,10214,peridinium_brevipes,chromista,chromista,,,pyrrophycophyta,,,,,dinophyceae,,peridiniales,,,peridiniaceae,peridinium,peridinium_brevipes,
10220,10219,peridinium_conicum,chromista,chromista,,,pyrrophycophyta,,,,,dinophyceae,,peridiniales,,,peridiniaceae,peridinium,peridinium_conicum,
10224,10224,protoperidinium_depressum,chromista,chromista,,,pyrrophycophyta,,,,,dinophyceae,,peridiniales,,,protoperidinaceae,protoperidinium,protoperidinium_depressum,
10235,10235,protoperidinium_pellucidum,chromista,chromista,,,pyrrophycophyta,,,,,dinophyceae,,peridiniales,,,protoperidinaceae,protoperidinium,protoperidinium_pellucidum,
10237,10236,peridinium_ovatum,chromista,chromista,,,pyrrophycophyta,,,,,dinophyceae,,peridiniales,,,peridiniaceae,peridinium,peridinium_ovatum,
10261,10260,peridinium_steini,chromista,chromista,,,pyrrophycophyta,,,,,dinophyceae,,peridiniales,,,peridiniaceae,peridinium,peridinium_steini,
10265,10264,peridinium_pyriforme,chromista,chromista,,,pyrrophycophyta,,,,,dinophyceae,,peridiniales,,,peridiniaceae,peridinium,peridinium_pyriforme,
10340,10340,protoperidinium,chromista,chromista,,,pyrrophycophyta,,,,,dinophyceae,,peridiniales,,,protoperidinaceae,protoperidinium,,
10359,10359,gonyaulax,chromista,chromista,,,pyrrophycophyta,,,,,dinophyceae,,gonyaulacales,,,gonyaulacaceae,gonyaulax,,
10367,10367,gonyaulax_monilata,chromista,chromista,,,pyrrophycophyta,,,,,dinophyceae,,gonyaulacales,,,gonyaulacaceae,gonyaulax,gonyaulax_monilata,
10373,615885,amylax_triacantha,chromista,chromista,,,pyrrophycophyta,,,,,dinophyceae,,gonyaulacales,,,gonyaulacaceae,amylax,amylax_triacantha,
10374,10374,gonyaulax_unicornis,chromista,chromista,,,pyrrophycophyta,,,,,dinophyceae,,gonyaulacales,,,gonyaulacaceae,gonyaulax,gonyaulax_unicornis,
10397,10397,ceratium,chromista,chromista,,,pyrrophycophyta,,,,,dinophyceae,,gonyaulacales,,,ceratiaceae,ceratium,,
10399,10399,ceratium_furca,chromista,chromista,,,pyrrophycophyta,,,,,dinophyceae,,gonyaulacales,,,ceratiaceae,ceratium,ceratium_furca,
10400,10400,ceratium_fusus,chromista,chromista,,,pyrrophycophyta,,,,,dinophyceae,,gonyaulacales,,,ceratiaceae,ceratium,ceratium_fusus,
10401,10401,ceratium_lineatum,chromista,chromista,,,pyrrophycophyta,,,,,dinophyceae,,gonyaulacales,,,ceratiaceae,ceratium,ceratium_lineatum,
10408,10408,ceratium_tripos,chromista,chromista,,,pyrrophycophyta,,,,,dinophyceae,,gonyaulacales,,,ceratiaceae,ceratium,ceratium_tripos,
10413,10413,ceratium_trichoceros,chromista,chromista,,,pyrrophycophyta,,,,,dinophyceae,,gonyaulacales,,,ceratiaceae,ceratium,ceratium_trichoceros,
10425,10425,ceratium_contortum,chromista,chromista,,,pyrrophycophyta,,,,,dinophyceae,,gonyaulacales,,,ceratiaceae,ceratium,ceratium_contortum,
10427,10427,ceratium_extensum,chromista,chromista,,,pyrrophycophyta,,,,,dinophyceae,,gonyaulacales,,,ceratiaceae,ceratium,ceratium_extensum,
10463,10463,oxytoxum,chromista,chromista,,,pyrrophycophyta,,,,,dinophyceae,,gonyaulacales,,,oxytoxaceae,oxytoxum,,
10470,10470,oxytoxum_reticulatum,chromista,chromista,,,pyrrophycophyta,,,,,dinophyceae,,gonyaulacales,,,oxytoxaceae,oxytoxum,oxytoxum_reticulatum,
10500,10500,podolampas_elegans,chromista,chromista,,,pyrrophycophyta,,,,,dinophyceae,,peridiniales,,,podolampaceae,podolampas,podolampas_elegans,
10537,10537,scrippsiella_trochoidea,chromista,chromista,,,pyrrophycophyta,,,,,dinophyceae,,gonyaulacales,,,calciodinellaceae,scrippsiella,scrippsiella_trochoidea,
10635,10635,cryptomonas,chromista,chromista,,,cryptophycophyta,,,,,cryptophyceae,,cryptomonadales,,,cryptomonadaceae,cryptomonas,,
10641,10641,cryptomonas_erosa,chromista,chromista,,,cryptophycophyta,,,,,cryptophyceae,,cryptomonadales,,,cryptomonadaceae,cryptomonas,cryptomonas_erosa,
10646,10646,cryptomonas_ovata,chromista,chromista,,,cryptophycophyta,,,,,cryptophyceae,,cryptomonadales,,,cryptomonadaceae,cryptomonas,cryptomonas_ovata,
43789,43789,silicoflagellida,protozoa,,,,,,,sarcomastigophora,mastigophora,phytomastigophora,,silicoflagellida,,,,,,
100114,100114,odontella,animalia,bilateria,protostomia,,,,ecdysozoa,arthropoda,hexapoda,collembola,,collembola,poduromorpha,neanuroidea,odontellidae,odontella,,
550471,550471,ceratium_inflatum,chromista,chromista,,,pyrrophycophyta,,,,,dinophyceae,,gonyaulacales,,,ceratiaceae,ceratium,ceratium_inflatum,
550494,550494,euglena_agilis,protozoa,,,,,,,euglenophycota,,euglenophyceae,,euglenales,,,euglenaceae,euglena,euglena_agilis,
573326,573326,amphidinium_extensum,chromista,chromista,,,pyrrophycophyta,,,,,dinophyceae,,gymnodiniales,,,gymnodiniaceae,amphidinium,amphidinium_extensum,
573345,573345,ceratium_longirostrum,chromista,chromista,,,pyrrophycophyta,,,,,dinophyceae,,gonyaulacales,,,ceratiaceae,ceratium,ceratium_longirostrum,
584566,584566,pseudo-nitzschia_pungens,chromista,harosa,halvaria,heterokonta,ochrophyta,,,,,bacillariophyceae,bacillariophycidae,bacillariales,,,bacillariaceae,pseudo-nitzschia,pseudo-nitzschia_pungens,
590863,590863,aulacoseira,chromista,harosa,halvaria,heterokonta,ochrophyta,,,,,bacillariophyceae,coscinodiscophycidae,aulacoseirales,,,aulacoseiraceae,aulacoseira,,
591037,591383,gyrosigma_obscurum,chromista,harosa,halvaria,heterokonta,ochrophyta,,,,,bacillariophyceae,bacillariophycidae,naviculales,,,pleurosigmataceae,gyrosigma,gyrosigma_obscurum,
591207,591207,aulacoseira_granulata,chromista,harosa,halvaria,heterokonta,ochrophyta,,,,,bacillariophyceae,coscinodiscophycidae,aulacoseirales,,,aulacoseiraceae,aulacoseira,aulacoseira_granulata,
591208,591208,aulacoseira_distans,chromista,harosa,halvaria,heterokonta,ochrophyta,,,,,bacillariophyceae,coscinodiscophycidae,aulacoseirales,,,aulacoseiraceae,aulacoseira,aulacoseira_distans,
591482,591482,aulacoseira_islandica,chromista,harosa,halvaria,heterokonta,ochrophyta,,,,,bacillariophyceae,coscinodiscophycidae,aulacoseirales,,,aulacoseiraceae,aulacoseira,aulacoseira_islandica,
591483,591483,aulacoseira_italica,chromista,harosa,halvaria,heterokonta,ochrophyta,,,,,bacillariophyceae,coscinodiscophycidae,aulacoseirales,,,aulacoseiraceae,aulacoseira,aulacoseira_italica,
591623,591623,aulacoseira_granulata_var._angustissima,chromista,harosa,halvaria,heterokonta,ochrophyta,,,,,bacillariophyceae,coscinodiscophycidae,aulacoseirales,,,aulacoseiraceae,aulacoseira,aulacoseira_granulata,
610098,610098,odontella_aurita,chromista,harosa,halvaria,heterokonta,ochrophyta,,,,,bacillariophyceae,coscinodiscophycidae,triceratiales,,,triceratiaceae,odontella,odontella_aurita,
610099,610099,proboscia_alata,chromista,harosa,halvaria,heterokonta,ochrophyta,,,,,bacillariophyceae,coscinodiscophycidae,rhizosoleniales,,,rhizosoleniaceae,proboscia,proboscia_alata,
610125,610125,odontella_mobilensis,chromista,harosa,halvaria,heterokonta,ochrophyta,,,,,bacillariophyceae,coscinodiscophycidae,triceratiales,,,triceratiaceae,odontella,odontella_mobilensis,
610127,610127,odontella_sinensis,chromista,harosa,halvaria,heterokonta,ochrophyta,,,,,bacillariophyceae,coscinodiscophycidae,triceratiales,,,triceratiaceae,odontella,odontella_sinensis,
610144,610144,odontella_rhombus_f._trigona,chromista,harosa,halvaria,heterokonta,ochrophyta,,,,,bacillariophyceae,coscinodiscophycidae,triceratiales,,,triceratiaceae,odontella,odontella_rhombus,
615879,615879,pseudo-nitzschia_seriata,chromista,harosa,halvaria,heterokonta,ochrophyta,,,,,bacillariophyceae,bacillariophycidae,bacillariales,,,bacillariaceae,pseudo-nitzschia,pseudo-nitzschia_seriata,
615882,615882,dactyliosolen_fragilissimus,chromista,harosa,halvaria,heterokonta,ochrophyta,,,,,bacillariophyceae,coscinodiscophycidae,rhizosoleniales,,,rhizosoleniaceae,dactyliosolen,dactyliosolen_fragilissimus,
615883,615883,guinardia_delicatula,chromista,harosa,halvaria,heterokonta,ochrophyta,,,,,bacillariophyceae,coscinodiscophycidae,rhizosoleniales,,,rhizosoleniaceae,guinardia,guinardia_delicatula,
615890,615890,asterionellopsis_glacialis,chromista,harosa,halvaria,heterokonta,ochrophyta,,,,,bacillariophyceae,fragilariophycidae,fragilariales,,,fragilariaceae,asterionellopsis,asterionellopsis_glacialis,
